timestamp,ward,total_beds,occupied,available,maintenance,occupancy_rate
2024-05-04 23:00:00,ICU,20,17,3,0,0.85
2024-05-04 23:00:00,Emergency,30,24,6,0,0.8
2024-05-04 23:00:00,General,80,55,23,2,0.6875
2024-05-04 23:00:00,Pediatric,25,16,8,1,0.64
2024-05-04 23:00:00,Maternity,20,12,7,1,0.6
2024-05-04 23:00:00,Surgical,25,18,7,0,0.72
2024-05-05 01:00:00,ICU,20,15,4,1,0.75
2024-05-05 01:00:00,Emergency,30,22,8,0,0.7333
2024-05-05 01:00:00,General,80,56,22,2,0.7
2024-05-05 01:00:00,Pediatric,25,16,8,1,0.64
2024-05-05 01:00:00,Maternity,20,13,7,0,0.65
2024-05-05 01:00:00,Surgical,25,18,6,1,0.72
2024-05-05 03:00:00,ICU,20,16,4,0,0.8
2024-05-05 03:00:00,Emergency,30,24,6,0,0.8
2024-05-05 03:00:00,General,80,54,25,1,0.675
2024-05-05 03:00:00,Pediatric,25,17,8,0,0.68
2024-05-05 03:00:00,Maternity,20,12,8,0,0.6
2024-05-05 03:00:00,Surgical,25,18,6,1,0.72
2024-05-05 05:00:00,ICU,20,16,4,0,0.8
2024-05-05 05:00:00,Emergency,30,23,7,0,0.7667
2024-05-05 05:00:00,General,80,59,19,2,0.7375
2024-05-05 05:00:00,Pediatric,25,17,8,0,0.68
2024-05-05 05:00:00,Maternity,20,14,6,0,0.7
2024-05-05 05:00:00,Surgical,25,20,5,0,0.8
2024-05-05 07:00:00,ICU,20,17,3,0,0.85
2024-05-05 07:00:00,Emergency,30,24,5,1,0.8
2024-05-05 07:00:00,General,80,60,18,2,0.75
2024-05-05 07:00:00,Pediatric,25,19,6,0,0.76
2024-05-05 07:00:00,Maternity,20,13,7,0,0.65
2024-05-05 07:00:00,Surgical,25,21,3,1,0.84
2024-05-05 09:00:00,ICU,20,18,1,1,0.9
2024-05-05 09:00:00,Emergency,30,27,2,1,0.9
2024-05-05 09:00:00,General,80,63,15,2,0.7875
2024-05-05 09:00:00,Pediatric,25,19,5,1,0.76
2024-05-05 09:00:00,Maternity,20,16,4,0,0.8
2024-05-05 09:00:00,Surgical,25,20,4,1,0.8
2024-05-05 11:00:00,ICU,20,17,2,1,0.85
2024-05-05 11:00:00,Emergency,30,25,4,1,0.8333
2024-05-05 11:00:00,General,80,68,11,1,0.85
2024-05-05 11:00:00,Pediatric,25,17,7,1,0.68
2024-05-05 11:00:00,Maternity,20,15,5,0,0.75
2024-05-05 11:00:00,Surgical,25,21,3,1,0.84
2024-05-05 13:00:00,ICU,20,19,1,0,0.95
2024-05-05 13:00:00,Emergency,30,27,2,1,0.9
2024-05-05 13:00:00,General,80,66,12,2,0.825
2024-05-05 13:00:00,Pediatric,25,20,5,0,0.8
2024-05-05 13:00:00,Maternity,20,14,6,0,0.7
2024-05-05 13:00:00,Surgical,25,21,3,1,0.84
2024-05-05 15:00:00,ICU,20,18,1,1,0.9
2024-05-05 15:00:00,Emergency,30,27,2,1,0.9
2024-05-05 15:00:00,General,80,67,11,2,0.8375
2024-05-05 15:00:00,Pediatric,25,19,5,1,0.76
2024-05-05 15:00:00,Maternity,20,15,5,0,0.75
2024-05-05 15:00:00,Surgical,25,20,4,1,0.8
2024-05-05 17:00:00,ICU,20,18,1,1,0.9
2024-05-05 17:00:00,Emergency,30,26,3,1,0.8667
2024-05-05 17:00:00,General,80,65,14,1,0.8125
2024-05-05 17:00:00,Pediatric,25,20,5,0,0.8
2024-05-05 17:00:00,Maternity,20,13,7,0,0.65
2024-05-05 17:00:00,Surgical,25,20,4,1,0.8
2024-05-05 19:00:00,ICU,20,17,3,0,0.85
2024-05-05 19:00:00,Emergency,30,25,4,1,0.8333
2024-05-05 19:00:00,General,80,58,21,1,0.725
2024-05-05 19:00:00,Pediatric,25,18,6,1,0.72
2024-05-05 19:00:00,Maternity,20,15,5,0,0.75
2024-05-05 19:00:00,Surgical,25,20,4,1,0.8
2024-05-05 21:00:00,ICU,20,16,3,1,0.8
2024-05-05 21:00:00,Emergency,30,23,6,1,0.7667
2024-05-05 21:00:00,General,80,56,22,2,0.7
2024-05-05 21:00:00,Pediatric,25,18,7,0,0.72
2024-05-05 21:00:00,Maternity,20,14,6,0,0.7
2024-05-05 21:00:00,Surgical,25,19,5,1,0.76
2024-05-05 23:00:00,ICU,20,17,3,0,0.85
2024-05-05 23:00:00,Emergency,30,22,7,1,0.7333
2024-05-05 23:00:00,General,80,56,22,2,0.7
2024-05-05 23:00:00,Pediatric,25,19,6,0,0.76
2024-05-05 23:00:00,Maternity,20,12,7,1,0.6
2024-05-05 23:00:00,Surgical,25,19,5,1,0.76
2024-05-06 01:00:00,ICU,20,18,2,0,0.9
2024-05-06 01:00:00,Emergency,30,23,7,0,0.7667
2024-05-06 01:00:00,General,80,60,19,1,0.75
2024-05-06 01:00:00,Pediatric,25,17,7,1,0.68
2024-05-06 01:00:00,Maternity,20,13,6,1,0.65
2024-05-06 01:00:00,Surgical,25,21,3,1,0.84
2024-05-06 03:00:00,ICU,20,15,4,1,0.75
2024-05-06 03:00:00,Emergency,30,25,5,0,0.8333
2024-05-06 03:00:00,General,80,58,20,2,0.725
2024-05-06 03:00:00,Pediatric,25,17,7,1,0.68
2024-05-06 03:00:00,Maternity,20,14,6,0,0.7
2024-05-06 03:00:00,Surgical,25,19,5,1,0.76
2024-05-06 05:00:00,ICU,20,17,2,1,0.85
2024-05-06 05:00:00,Emergency,30,23,7,0,0.7667
2024-05-06 05:00:00,General,80,61,18,1,0.7625
2024-05-06 05:00:00,Pediatric,25,18,7,0,0.72
2024-05-06 05:00:00,Maternity,20,14,6,0,0.7
2024-05-06 05:00:00,Surgical,25,20,4,1,0.8
2024-05-06 07:00:00,ICU,20,19,1,0,0.95
2024-05-06 07:00:00,Emergency,30,26,4,0,0.8667
2024-05-06 07:00:00,General,80,62,17,1,0.775
2024-05-06 07:00:00,Pediatric,25,17,7,1,0.68
2024-05-06 07:00:00,Maternity,20,14,5,1,0.7
2024-05-06 07:00:00,Surgical,25,22,3,0,0.88
2024-05-06 09:00:00,ICU,20,18,1,1,0.9
2024-05-06 09:00:00,Emergency,30,27,3,0,0.9
2024-05-06 09:00:00,General,80,64,14,2,0.8
2024-05-06 09:00:00,Pediatric,25,20,5,0,0.8
2024-05-06 09:00:00,Maternity,20,15,5,0,0.75
2024-05-06 09:00:00,Surgical,25,23,1,1,0.92
2024-05-06 11:00:00,ICU,20,19,1,0,0.95
2024-05-06 11:00:00,Emergency,30,27,2,1,0.9
2024-05-06 11:00:00,General,80,68,11,1,0.85
2024-05-06 11:00:00,Pediatric,25,19,5,1,0.76
2024-05-06 11:00:00,Maternity,20,15,5,0,0.75
2024-05-06 11:00:00,Surgical,25,21,3,1,0.84
2024-05-06 13:00:00,ICU,20,19,0,1,0.95
2024-05-06 13:00:00,Emergency,30,28,1,1,0.9333
2024-05-06 13:00:00,General,80,66,13,1,0.825
2024-05-06 13:00:00,Pediatric,25,20,4,1,0.8
2024-05-06 13:00:00,Maternity,20,16,4,0,0.8
2024-05-06 13:00:00,Surgical,25,22,2,1,0.88
2024-05-06 15:00:00,ICU,20,19,1,0,0.95
2024-05-06 15:00:00,Emergency,30,28,2,0,0.9333
2024-05-06 15:00:00,General,80,65,14,1,0.8125
2024-05-06 15:00:00,Pediatric,25,19,6,0,0.76
2024-05-06 15:00:00,Maternity,20,14,6,0,0.7
2024-05-06 15:00:00,Surgical,25,22,2,1,0.88
2024-05-06 17:00:00,ICU,20,18,2,0,0.9
2024-05-06 17:00:00,Emergency,30,27,2,1,0.9
2024-05-06 17:00:00,General,80,64,15,1,0.8
2024-05-06 17:00:00,Pediatric,25,18,6,1,0.72
2024-05-06 17:00:00,Maternity,20,14,6,0,0.7
2024-05-06 17:00:00,Surgical,25,20,4,1,0.8
2024-05-06 19:00:00,ICU,20,18,1,1,0.9
2024-05-06 19:00:00,Emergency,30,23,7,0,0.7667
2024-05-06 19:00:00,General,80,64,14,2,0.8
2024-05-06 19:00:00,Pediatric,25,18,7,0,0.72
2024-05-06 19:00:00,Maternity,20,13,6,1,0.65
2024-05-06 19:00:00,Surgical,25,19,5,1,0.76
2024-05-06 21:00:00,ICU,20,17,2,1,0.85
2024-05-06 21:00:00,Emergency,30,23,6,1,0.7667
2024-05-06 21:00:00,General,80,56,22,2,0.7
2024-05-06 21:00:00,Pediatric,25,18,6,1,0.72
2024-05-06 21:00:00,Maternity,20,14,6,0,0.7
2024-05-06 21:00:00,Surgical,25,18,6,1,0.72
2024-05-06 23:00:00,ICU,20,17,2,1,0.85
2024-05-06 23:00:00,Emergency,30,23,6,1,0.7667
2024-05-06 23:00:00,General,80,62,17,1,0.775
2024-05-06 23:00:00,Pediatric,25,18,6,1,0.72
2024-05-06 23:00:00,Maternity,20,14,6,0,0.7
2024-05-06 23:00:00,Surgical,25,19,5,1,0.76
2024-05-07 01:00:00,ICU,20,17,2,1,0.85
2024-05-07 01:00:00,Emergency,30,24,6,0,0.8
2024-05-07 01:00:00,General,80,57,22,1,0.7125
2024-05-07 01:00:00,Pediatric,25,18,7,0,0.72
2024-05-07 01:00:00,Maternity,20,14,5,1,0.7
2024-05-07 01:00:00,Surgical,25,18,6,1,0.72
2024-05-07 03:00:00,ICU,20,16,3,1,0.8
2024-05-07 03:00:00,Emergency,30,25,5,0,0.8333
2024-05-07 03:00:00,General,80,59,19,2,0.7375
2024-05-07 03:00:00,Pediatric,25,16,8,1,0.64
2024-05-07 03:00:00,Maternity,20,14,6,0,0.7
2024-05-07 03:00:00,Surgical,25,22,3,0,0.88
2024-05-07 05:00:00,ICU,20,17,2,1,0.85
2024-05-07 05:00:00,Emergency,30,23,6,1,0.7667
2024-05-07 05:00:00,General,80,56,23,1,0.7
2024-05-07 05:00:00,Pediatric,25,18,7,0,0.72
2024-05-07 05:00:00,Maternity,20,14,6,0,0.7
2024-05-07 05:00:00,Surgical,25,19,5,1,0.76
2024-05-07 07:00:00,ICU,20,18,1,1,0.9
2024-05-07 07:00:00,Emergency,30,26,4,0,0.8667
2024-05-07 07:00:00,General,80,61,17,2,0.7625
2024-05-07 07:00:00,Pediatric,25,18,6,1,0.72
2024-05-07 07:00:00,Maternity,20,15,5,0,0.75
2024-05-07 07:00:00,Surgical,25,19,5,1,0.76
2024-05-07 09:00:00,ICU,20,19,0,1,0.95
2024-05-07 09:00:00,Emergency,30,27,2,1,0.9
2024-05-07 09:00:00,General,80,68,10,2,0.85
2024-05-07 09:00:00,Pediatric,25,18,6,1,0.72
2024-05-07 09:00:00,Maternity,20,13,6,1,0.65
2024-05-07 09:00:00,Surgical,25,21,3,1,0.84
2024-05-07 11:00:00,ICU,20,19,0,1,0.95
2024-05-07 11:00:00,Emergency,30,28,1,1,0.9333
2024-05-07 11:00:00,General,80,69,10,1,0.8625
2024-05-07 11:00:00,Pediatric,25,19,6,0,0.76
2024-05-07 11:00:00,Maternity,20,15,5,0,0.75
2024-05-07 11:00:00,Surgical,25,22,2,1,0.88
2024-05-07 13:00:00,ICU,20,19,1,0,0.95
2024-05-07 13:00:00,Emergency,30,29,1,0,0.9667
2024-05-07 13:00:00,General,80,66,12,2,0.825
2024-05-07 13:00:00,Pediatric,25,20,4,1,0.8
2024-05-07 13:00:00,Maternity,20,15,4,1,0.75
2024-05-07 13:00:00,Surgical,25,21,3,1,0.84
2024-05-07 15:00:00,ICU,20,18,1,1,0.9
2024-05-07 15:00:00,Emergency,30,27,3,0,0.9
2024-05-07 15:00:00,General,80,67,12,1,0.8375
2024-05-07 15:00:00,Pediatric,25,18,6,1,0.72
2024-05-07 15:00:00,Maternity,20,15,5,0,0.75
2024-05-07 15:00:00,Surgical,25,21,3,1,0.84
2024-05-07 17:00:00,ICU,20,18,2,0,0.9
2024-05-07 17:00:00,Emergency,30,23,6,1,0.7667
2024-05-07 17:00:00,General,80,63,15,2,0.7875
2024-05-07 17:00:00,Pediatric,25,17,7,1,0.68
2024-05-07 17:00:00,Maternity,20,14,6,0,0.7
2024-05-07 17:00:00,Surgical,25,19,5,1,0.76
2024-05-07 19:00:00,ICU,20,16,4,0,0.8
2024-05-07 19:00:00,Emergency,30,23,6,1,0.7667
2024-05-07 19:00:00,General,80,58,20,2,0.725
2024-05-07 19:00:00,Pediatric,25,18,6,1,0.72
2024-05-07 19:00:00,Maternity,20,13,7,0,0.65
2024-05-07 19:00:00,Surgical,25,19,5,1,0.76
2024-05-07 21:00:00,ICU,20,16,3,1,0.8
2024-05-07 21:00:00,Emergency,30,24,6,0,0.8
2024-05-07 21:00:00,General,80,58,20,2,0.725
2024-05-07 21:00:00,Pediatric,25,16,9,0,0.64
2024-05-07 21:00:00,Maternity,20,14,6,0,0.7
2024-05-07 21:00:00,Surgical,25,20,4,1,0.8
2024-05-07 23:00:00,ICU,20,16,4,0,0.8
2024-05-07 23:00:00,Emergency,30,23,7,0,0.7667
2024-05-07 23:00:00,General,80,57,21,2,0.7125
2024-05-07 23:00:00,Pediatric,25,16,8,1,0.64
2024-05-07 23:00:00,Maternity,20,13,6,1,0.65
2024-05-07 23:00:00,Surgical,25,18,6,1,0.72
2024-05-08 01:00:00,ICU,20,17,2,1,0.85
2024-05-08 01:00:00,Emergency,30,24,5,1,0.8
2024-05-08 01:00:00,General,80,58,20,2,0.725
2024-05-08 01:00:00,Pediatric,25,17,7,1,0.68
2024-05-08 01:00:00,Maternity,20,14,6,0,0.7
2024-05-08 01:00:00,Surgical,25,19,6,0,0.76
2024-05-08 03:00:00,ICU,20,16,4,0,0.8
2024-05-08 03:00:00,Emergency,30,23,6,1,0.7667
2024-05-08 03:00:00,General,80,60,19,1,0.75
2024-05-08 03:00:00,Pediatric,25,16,8,1,0.64
2024-05-08 03:00:00,Maternity,20,12,8,0,0.6
2024-05-08 03:00:00,Surgical,25,19,6,0,0.76
2024-05-08 05:00:00,ICU,20,16,3,1,0.8
2024-05-08 05:00:00,Emergency,30,23,6,1,0.7667
2024-05-08 05:00:00,General,80,62,17,1,0.775
2024-05-08 05:00:00,Pediatric,25,15,9,1,0.6
2024-05-08 05:00:00,Maternity,20,13,7,0,0.65
2024-05-08 05:00:00,Surgical,25,20,4,1,0.8
2024-05-08 07:00:00,ICU,20,18,1,1,0.9
2024-05-08 07:00:00,Emergency,30,24,5,1,0.8
2024-05-08 07:00:00,General,80,62,16,2,0.775
2024-05-08 07:00:00,Pediatric,25,18,7,0,0.72
2024-05-08 07:00:00,Maternity,20,14,6,0,0.7
2024-05-08 07:00:00,Surgical,25,20,5,0,0.8
2024-05-08 09:00:00,ICU,20,19,1,0,0.95
2024-05-08 09:00:00,Emergency,30,24,6,0,0.8
2024-05-08 09:00:00,General,80,64,14,2,0.8
2024-05-08 09:00:00,Pediatric,25,18,6,1,0.72
2024-05-08 09:00:00,Maternity,20,14,6,0,0.7
2024-05-08 09:00:00,Surgical,25,23,2,0,0.92
2024-05-08 11:00:00,ICU,20,17,2,1,0.85
2024-05-08 11:00:00,Emergency,30,25,4,1,0.8333
2024-05-08 11:00:00,General,80,69,9,2,0.8625
2024-05-08 11:00:00,Pediatric,25,17,7,1,0.68
2024-05-08 11:00:00,Maternity,20,14,6,0,0.7
2024-05-08 11:00:00,Surgical,25,21,3,1,0.84
2024-05-08 13:00:00,ICU,20,19,1,0,0.95
2024-05-08 13:00:00,Emergency,30,27,3,0,0.9
2024-05-08 13:00:00,General,80,61,18,1,0.7625
2024-05-08 13:00:00,Pediatric,25,18,6,1,0.72
2024-05-08 13:00:00,Maternity,20,14,5,1,0.7
2024-05-08 13:00:00,Surgical,25,21,3,1,0.84
2024-05-08 15:00:00,ICU,20,19,1,0,0.95
2024-05-08 15:00:00,Emergency,30,26,4,0,0.8667
2024-05-08 15:00:00,General,80,59,20,1,0.7375
2024-05-08 15:00:00,Pediatric,25,18,6,1,0.72
2024-05-08 15:00:00,Maternity,20,14,6,0,0.7
2024-05-08 15:00:00,Surgical,25,21,3,1,0.84
2024-05-08 17:00:00,ICU,20,17,2,1,0.85
2024-05-08 17:00:00,Emergency,30,25,4,1,0.8333
2024-05-08 17:00:00,General,80,61,17,2,0.7625
2024-05-08 17:00:00,Pediatric,25,19,6,0,0.76
2024-05-08 17:00:00,Maternity,20,14,6,0,0.7
2024-05-08 17:00:00,Surgical,25,20,5,0,0.8
2024-05-08 19:00:00,ICU,20,18,2,0,0.9
2024-05-08 19:00:00,Emergency,30,24,5,1,0.8
2024-05-08 19:00:00,General,80,59,20,1,0.7375
2024-05-08 19:00:00,Pediatric,25,15,9,1,0.6
2024-05-08 19:00:00,Maternity,20,12,8,0,0.6
2024-05-08 19:00:00,Surgical,25,19,5,1,0.76
2024-05-08 21:00:00,ICU,20,16,4,0,0.8
2024-05-08 21:00:00,Emergency,30,22,8,0,0.7333
2024-05-08 21:00:00,General,80,56,22,2,0.7
2024-05-08 21:00:00,Pediatric,25,18,7,0,0.72
2024-05-08 21:00:00,Maternity,20,13,7,0,0.65
2024-05-08 21:00:00,Surgical,25,17,7,1,0.68
2024-05-08 23:00:00,ICU,20,16,4,0,0.8
2024-05-08 23:00:00,Emergency,30,21,8,1,0.7
2024-05-08 23:00:00,General,80,54,24,2,0.675
2024-05-08 23:00:00,Pediatric,25,15,9,1,0.6
2024-05-08 23:00:00,Maternity,20,12,7,1,0.6
2024-05-08 23:00:00,Surgical,25,18,7,0,0.72
2024-05-09 01:00:00,ICU,20,16,4,0,0.8
2024-05-09 01:00:00,Emergency,30,22,7,1,0.7333
2024-05-09 01:00:00,General,80,48,30,2,0.6
2024-05-09 01:00:00,Pediatric,25,18,7,0,0.72
2024-05-09 01:00:00,Maternity,20,13,7,0,0.65
2024-05-09 01:00:00,Surgical,25,18,6,1,0.72
2024-05-09 03:00:00,ICU,20,16,4,0,0.8
2024-05-09 03:00:00,Emergency,30,21,8,1,0.7
2024-05-09 03:00:00,General,80,59,19,2,0.7375
2024-05-09 03:00:00,Pediatric,25,18,7,0,0.72
2024-05-09 03:00:00,Maternity,20,13,7,0,0.65
2024-05-09 03:00:00,Surgical,25,19,6,0,0.76
2024-05-09 05:00:00,ICU,20,15,4,1,0.75
2024-05-09 05:00:00,Emergency,30,21,8,1,0.7
2024-05-09 05:00:00,General,80,54,24,2,0.675
2024-05-09 05:00:00,Pediatric,25,16,8,1,0.64
2024-05-09 05:00:00,Maternity,20,12,8,0,0.6
2024-05-09 05:00:00,Surgical,25,18,6,1,0.72
2024-05-09 07:00:00,ICU,20,17,3,0,0.85
2024-05-09 07:00:00,Emergency,30,23,6,1,0.7667
2024-05-09 07:00:00,General,80,59,19,2,0.7375
2024-05-09 07:00:00,Pediatric,25,16,9,0,0.64
2024-05-09 07:00:00,Maternity,20,13,7,0,0.65
2024-05-09 07:00:00,Surgical,25,18,6,1,0.72
2024-05-09 09:00:00,ICU,20,18,2,0,0.9
2024-05-09 09:00:00,Emergency,30,23,7,0,0.7667
2024-05-09 09:00:00,General,80,63,15,2,0.7875
2024-05-09 09:00:00,Pediatric,25,19,6,0,0.76
2024-05-09 09:00:00,Maternity,20,14,6,0,0.7
2024-05-09 09:00:00,Surgical,25,18,6,1,0.72
2024-05-09 11:00:00,ICU,20,18,2,0,0.9
2024-05-09 11:00:00,Emergency,30,25,5,0,0.8333
2024-05-09 11:00:00,General,80,59,19,2,0.7375
2024-05-09 11:00:00,Pediatric,25,17,7,1,0.68
2024-05-09 11:00:00,Maternity,20,15,5,0,0.75
2024-05-09 11:00:00,Surgical,25,20,4,1,0.8
2024-05-09 13:00:00,ICU,20,17,2,1,0.85
2024-05-09 13:00:00,Emergency,30,24,6,0,0.8
2024-05-09 13:00:00,General,80,60,18,2,0.75
2024-05-09 13:00:00,Pediatric,25,18,7,0,0.72
2024-05-09 13:00:00,Maternity,20,14,6,0,0.7
2024-05-09 13:00:00,Surgical,25,19,5,1,0.76
2024-05-09 15:00:00,ICU,20,17,2,1,0.85
2024-05-09 15:00:00,Emergency,30,26,3,1,0.8667
2024-05-09 15:00:00,General,80,62,16,2,0.775
2024-05-09 15:00:00,Pediatric,25,17,7,1,0.68
2024-05-09 15:00:00,Maternity,20,14,6,0,0.7
2024-05-09 15:00:00,Surgical,25,19,5,1,0.76
2024-05-09 17:00:00,ICU,20,17,2,1,0.85
2024-05-09 17:00:00,Emergency,30,23,6,1,0.7667
2024-05-09 17:00:00,General,80,58,20,2,0.725
2024-05-09 17:00:00,Pediatric,25,16,8,1,0.64
2024-05-09 17:00:00,Maternity,20,13,7,0,0.65
2024-05-09 17:00:00,Surgical,25,18,6,1,0.72
2024-05-09 19:00:00,ICU,20,16,4,0,0.8
2024-05-09 19:00:00,Emergency,30,22,7,1,0.7333
2024-05-09 19:00:00,General,80,57,22,1,0.7125
2024-05-09 19:00:00,Pediatric,25,16,9,0,0.64
2024-05-09 19:00:00,Maternity,20,13,6,1,0.65
2024-05-09 19:00:00,Surgical,25,17,7,1,0.68
2024-05-09 21:00:00,ICU,20,16,3,1,0.8
2024-05-09 21:00:00,Emergency,30,21,9,0,0.7
2024-05-09 21:00:00,General,80,55,24,1,0.6875
2024-05-09 21:00:00,Pediatric,25,16,8,1,0.64
2024-05-09 21:00:00,Maternity,20,12,8,0,0.6
2024-05-09 21:00:00,Surgical,25,18,6,1,0.72
2024-05-09 23:00:00,ICU,20,16,4,0,0.8
2024-05-09 23:00:00,Emergency,30,20,9,1,0.6667
2024-05-09 23:00:00,General,80,55,24,1,0.6875
2024-05-09 23:00:00,Pediatric,25,13,11,1,0.52
2024-05-09 23:00:00,Maternity,20,12,8,0,0.6
2024-05-09 23:00:00,Surgical,25,19,5,1,0.76
2024-05-10 01:00:00,ICU,20,15,5,0,0.75
2024-05-10 01:00:00,Emergency,30,21,9,0,0.7
2024-05-10 01:00:00,General,80,53,25,2,0.6625
2024-05-10 01:00:00,Pediatric,25,17,7,1,0.68
2024-05-10 01:00:00,Maternity,20,11,8,1,0.55
2024-05-10 01:00:00,Surgical,25,17,7,1,0.68
2024-05-10 03:00:00,ICU,20,17,3,0,0.85
2024-05-10 03:00:00,Emergency,30,23,6,1,0.7667
2024-05-10 03:00:00,General,80,54,25,1,0.675
2024-05-10 03:00:00,Pediatric,25,14,10,1,0.56
2024-05-10 03:00:00,Maternity,20,14,6,0,0.7
2024-05-10 03:00:00,Surgical,25,19,6,0,0.76
2024-05-10 05:00:00,ICU,20,16,4,0,0.8
2024-05-10 05:00:00,Emergency,30,21,9,0,0.7
2024-05-10 05:00:00,General,80,53,25,2,0.6625
2024-05-10 05:00:00,Pediatric,25,15,9,1,0.6
2024-05-10 05:00:00,Maternity,20,12,8,0,0.6
2024-05-10 05:00:00,Surgical,25,19,6,0,0.76
2024-05-10 07:00:00,ICU,20,17,2,1,0.85
2024-05-10 07:00:00,Emergency,30,22,7,1,0.7333
2024-05-10 07:00:00,General,80,61,17,2,0.7625
2024-05-10 07:00:00,Pediatric,25,17,7,1,0.68
2024-05-10 07:00:00,Maternity,20,14,6,0,0.7
2024-05-10 07:00:00,Surgical,25,20,4,1,0.8
2024-05-10 09:00:00,ICU,20,17,3,0,0.85
2024-05-10 09:00:00,Emergency,30,24,5,1,0.8
2024-05-10 09:00:00,General,80,58,20,2,0.725
2024-05-10 09:00:00,Pediatric,25,16,8,1,0.64
2024-05-10 09:00:00,Maternity,20,14,6,0,0.7
2024-05-10 09:00:00,Surgical,25,22,3,0,0.88
2024-05-10 11:00:00,ICU,20,16,3,1,0.8
2024-05-10 11:00:00,Emergency,30,25,5,0,0.8333
2024-05-10 11:00:00,General,80,62,16,2,0.775
2024-05-10 11:00:00,Pediatric,25,17,7,1,0.68
2024-05-10 11:00:00,Maternity,20,14,6,0,0.7
2024-05-10 11:00:00,Surgical,25,19,5,1,0.76
2024-05-10 13:00:00,ICU,20,17,2,1,0.85
2024-05-10 13:00:00,Emergency,30,24,5,1,0.8
2024-05-10 13:00:00,General,80,56,22,2,0.7
2024-05-10 13:00:00,Pediatric,25,19,6,0,0.76
2024-05-10 13:00:00,Maternity,20,15,5,0,0.75
2024-05-10 13:00:00,Surgical,25,21,4,0,0.84
2024-05-10 15:00:00,ICU,20,18,2,0,0.9
2024-05-10 15:00:00,Emergency,30,26,4,0,0.8667
2024-05-10 15:00:00,General,80,60,18,2,0.75
2024-05-10 15:00:00,Pediatric,25,18,6,1,0.72
2024-05-10 15:00:00,Maternity,20,14,6,0,0.7
2024-05-10 15:00:00,Surgical,25,20,4,1,0.8
2024-05-10 17:00:00,ICU,20,16,3,1,0.8
2024-05-10 17:00:00,Emergency,30,23,6,1,0.7667
2024-05-10 17:00:00,General,80,55,23,2,0.6875
2024-05-10 17:00:00,Pediatric,25,17,7,1,0.68
2024-05-10 17:00:00,Maternity,20,12,7,1,0.6
2024-05-10 17:00:00,Surgical,25,18,6,1,0.72
2024-05-10 19:00:00,ICU,20,16,4,0,0.8
2024-05-10 19:00:00,Emergency,30,22,8,0,0.7333
2024-05-10 19:00:00,General,80,61,17,2,0.7625
2024-05-10 19:00:00,Pediatric,25,17,8,0,0.68
2024-05-10 19:00:00,Maternity,20,13,6,1,0.65
2024-05-10 19:00:00,Surgical,25,17,7,1,0.68
2024-05-10 21:00:00,ICU,20,16,4,0,0.8
2024-05-10 21:00:00,Emergency,30,21,9,0,0.7
2024-05-10 21:00:00,General,80,53,26,1,0.6625
2024-05-10 21:00:00,Pediatric,25,15,9,1,0.6
2024-05-10 21:00:00,Maternity,20,13,7,0,0.65
2024-05-10 21:00:00,Surgical,25,17,7,1,0.68
2024-05-10 23:00:00,ICU,20,16,3,1,0.8
2024-05-10 23:00:00,Emergency,30,22,7,1,0.7333
2024-05-10 23:00:00,General,80,60,19,1,0.75
2024-05-10 23:00:00,Pediatric,25,15,10,0,0.6
2024-05-10 23:00:00,Maternity,20,13,6,1,0.65
2024-05-10 23:00:00,Surgical,25,18,6,1,0.72
2024-05-11 01:00:00,ICU,20,15,4,1,0.75
2024-05-11 01:00:00,Emergency,30,23,6,1,0.7667
2024-05-11 01:00:00,General,80,56,23,1,0.7
2024-05-11 01:00:00,Pediatric,25,15,9,1,0.6
2024-05-11 01:00:00,Maternity,20,12,8,0,0.6
2024-05-11 01:00:00,Surgical,25,17,7,1,0.68
2024-05-11 03:00:00,ICU,20,17,3,0,0.85
2024-05-11 03:00:00,Emergency,30,22,7,1,0.7333
2024-05-11 03:00:00,General,80,57,22,1,0.7125
2024-05-11 03:00:00,Pediatric,25,15,10,0,0.6
2024-05-11 03:00:00,Maternity,20,12,8,0,0.6
2024-05-11 03:00:00,Surgical,25,18,6,1,0.72
2024-05-11 05:00:00,ICU,20,14,5,1,0.7
2024-05-11 05:00:00,Emergency,30,22,8,0,0.7333
2024-05-11 05:00:00,General,80,55,23,2,0.6875
2024-05-11 05:00:00,Pediatric,25,16,9,0,0.64
2024-05-11 05:00:00,Maternity,20,12,8,0,0.6
2024-05-11 05:00:00,Surgical,25,18,6,1,0.72
2024-05-11 07:00:00,ICU,20,17,2,1,0.85
2024-05-11 07:00:00,Emergency,30,25,5,0,0.8333
2024-05-11 07:00:00,General,80,56,22,2,0.7
2024-05-11 07:00:00,Pediatric,25,17,8,0,0.68
2024-05-11 07:00:00,Maternity,20,14,6,0,0.7
2024-05-11 07:00:00,Surgical,25,20,4,1,0.8
2024-05-11 09:00:00,ICU,20,16,3,1,0.8
2024-05-11 09:00:00,Emergency,30,26,4,0,0.8667
2024-05-11 09:00:00,General,80,56,22,2,0.7
2024-05-11 09:00:00,Pediatric,25,18,7,0,0.72
2024-05-11 09:00:00,Maternity,20,15,5,0,0.75
2024-05-11 09:00:00,Surgical,25,19,5,1,0.76
2024-05-11 11:00:00,ICU,20,17,2,1,0.85
2024-05-11 11:00:00,Emergency,30,27,3,0,0.9
2024-05-11 11:00:00,General,80,59,19,2,0.7375
2024-05-11 11:00:00,Pediatric,25,17,7,1,0.68
2024-05-11 11:00:00,Maternity,20,15,5,0,0.75
2024-05-11 11:00:00,Surgical,25,20,4,1,0.8
2024-05-11 13:00:00,ICU,20,17,2,1,0.85
2024-05-11 13:00:00,Emergency,30,26,3,1,0.8667
2024-05-11 13:00:00,General,80,64,14,2,0.8
2024-05-11 13:00:00,Pediatric,25,18,6,1,0.72
2024-05-11 13:00:00,Maternity,20,14,6,0,0.7
2024-05-11 13:00:00,Surgical,25,21,3,1,0.84
2024-05-11 15:00:00,ICU,20,17,2,1,0.85
2024-05-11 15:00:00,Emergency,30,25,4,1,0.8333
2024-05-11 15:00:00,General,80,61,17,2,0.7625
2024-05-11 15:00:00,Pediatric,25,17,7,1,0.68
2024-05-11 15:00:00,Maternity,20,14,6,0,0.7
2024-05-11 15:00:00,Surgical,25,20,4,1,0.8
2024-05-11 17:00:00,ICU,20,17,3,0,0.85
2024-05-11 17:00:00,Emergency,30,23,6,1,0.7667
2024-05-11 17:00:00,General,80,61,18,1,0.7625
2024-05-11 17:00:00,Pediatric,25,18,7,0,0.72
2024-05-11 17:00:00,Maternity,20,14,6,0,0.7
2024-05-11 17:00:00,Surgical,25,20,5,0,0.8
2024-05-11 19:00:00,ICU,20,17,3,0,0.85
2024-05-11 19:00:00,Emergency,30,24,5,1,0.8
2024-05-11 19:00:00,General,80,59,20,1,0.7375
2024-05-11 19:00:00,Pediatric,25,16,9,0,0.64
2024-05-11 19:00:00,Maternity,20,13,7,0,0.65
2024-05-11 19:00:00,Surgical,25,19,5,1,0.76
2024-05-11 21:00:00,ICU,20,16,4,0,0.8
2024-05-11 21:00:00,Emergency,30,21,8,1,0.7
2024-05-11 21:00:00,General,80,57,22,1,0.7125
2024-05-11 21:00:00,Pediatric,25,17,7,1,0.68
2024-05-11 21:00:00,Maternity,20,13,7,0,0.65
2024-05-11 21:00:00,Surgical,25,18,7,0,0.72
2024-05-11 23:00:00,ICU,20,16,3,1,0.8
2024-05-11 23:00:00,Emergency,30,23,6,1,0.7667
2024-05-11 23:00:00,General,80,59,19,2,0.7375
2024-05-11 23:00:00,Pediatric,25,16,9,0,0.64
2024-05-11 23:00:00,Maternity,20,13,7,0,0.65
2024-05-11 23:00:00,Surgical,25,19,5,1,0.76
2024-05-12 01:00:00,ICU,20,16,3,1,0.8
2024-05-12 01:00:00,Emergency,30,24,6,0,0.8
2024-05-12 01:00:00,General,80,59,19,2,0.7375
2024-05-12 01:00:00,Pediatric,25,17,8,0,0.68
2024-05-12 01:00:00,Maternity,20,12,8,0,0.6
2024-05-12 01:00:00,Surgical,25,20,5,0,0.8
2024-05-12 03:00:00,ICU,20,17,3,0,0.85
2024-05-12 03:00:00,Emergency,30,23,6,1,0.7667
2024-05-12 03:00:00,General,80,58,21,1,0.725
2024-05-12 03:00:00,Pediatric,25,16,8,1,0.64
2024-05-12 03:00:00,Maternity,20,13,6,1,0.65
2024-05-12 03:00:00,Surgical,25,18,6,1,0.72
2024-05-12 05:00:00,ICU,20,15,4,1,0.75
2024-05-12 05:00:00,Emergency,30,23,7,0,0.7667
2024-05-12 05:00:00,General,80,58,21,1,0.725
2024-05-12 05:00:00,Pediatric,25,18,7,0,0.72
2024-05-12 05:00:00,Maternity,20,13,7,0,0.65
2024-05-12 05:00:00,Surgical,25,19,6,0,0.76
2024-05-12 07:00:00,ICU,20,19,0,1,0.95
2024-05-12 07:00:00,Emergency,30,25,4,1,0.8333
2024-05-12 07:00:00,General,80,64,14,2,0.8
2024-05-12 07:00:00,Pediatric,25,18,7,0,0.72
2024-05-12 07:00:00,Maternity,20,14,6,0,0.7
2024-05-12 07:00:00,Surgical,25,20,4,1,0.8
2024-05-12 09:00:00,ICU,20,19,1,0,0.95
2024-05-12 09:00:00,Emergency,30,27,2,1,0.9
2024-05-12 09:00:00,General,80,66,12,2,0.825
2024-05-12 09:00:00,Pediatric,25,18,6,1,0.72
2024-05-12 09:00:00,Maternity,20,14,6,0,0.7
2024-05-12 09:00:00,Surgical,25,21,3,1,0.84
2024-05-12 11:00:00,ICU,20,19,0,1,0.95
2024-05-12 11:00:00,Emergency,30,26,3,1,0.8667
2024-05-12 11:00:00,General,80,69,10,1,0.8625
2024-05-12 11:00:00,Pediatric,25,20,5,0,0.8
2024-05-12 11:00:00,Maternity,20,14,6,0,0.7
2024-05-12 11:00:00,Surgical,25,21,3,1,0.84
2024-05-12 13:00:00,ICU,20,19,1,0,0.95
2024-05-12 13:00:00,Emergency,30,27,2,1,0.9
2024-05-12 13:00:00,General,80,64,14,2,0.8
2024-05-12 13:00:00,Pediatric,25,20,5,0,0.8
2024-05-12 13:00:00,Maternity,20,15,5,0,0.75
2024-05-12 13:00:00,Surgical,25,21,3,1,0.84
2024-05-12 15:00:00,ICU,20,17,2,1,0.85
2024-05-12 15:00:00,Emergency,30,25,4,1,0.8333
2024-05-12 15:00:00,General,80,66,13,1,0.825
2024-05-12 15:00:00,Pediatric,25,17,8,0,0.68
2024-05-12 15:00:00,Maternity,20,15,5,0,0.75
2024-05-12 15:00:00,Surgical,25,21,3,1,0.84
2024-05-12 17:00:00,ICU,20,19,0,1,0.95
2024-05-12 17:00:00,Emergency,30,27,2,1,0.9
2024-05-12 17:00:00,General,80,62,16,2,0.775
2024-05-12 17:00:00,Pediatric,25,18,6,1,0.72
2024-05-12 17:00:00,Maternity,20,15,5,0,0.75
2024-05-12 17:00:00,Surgical,25,21,3,1,0.84
2024-05-12 19:00:00,ICU,20,16,3,1,0.8
2024-05-12 19:00:00,Emergency,30,23,6,1,0.7667
2024-05-12 19:00:00,General,80,59,20,1,0.7375
2024-05-12 19:00:00,Pediatric,25,18,7,0,0.72
2024-05-12 19:00:00,Maternity,20,14,6,0,0.7
2024-05-12 19:00:00,Surgical,25,20,4,1,0.8
2024-05-12 21:00:00,ICU,20,16,3,1,0.8
2024-05-12 21:00:00,Emergency,30,21,8,1,0.7
2024-05-12 21:00:00,General,80,61,18,1,0.7625
2024-05-12 21:00:00,Pediatric,25,16,8,1,0.64
2024-05-12 21:00:00,Maternity,20,12,8,0,0.6
2024-05-12 21:00:00,Surgical,25,19,5,1,0.76
2024-05-12 23:00:00,ICU,20,17,2,1,0.85
2024-05-12 23:00:00,Emergency,30,23,6,1,0.7667
2024-05-12 23:00:00,General,80,57,21,2,0.7125
2024-05-12 23:00:00,Pediatric,25,17,8,0,0.68
2024-05-12 23:00:00,Maternity,20,13,7,0,0.65
2024-05-12 23:00:00,Surgical,25,19,6,0,0.76
2024-05-13 01:00:00,ICU,20,17,3,0,0.85
2024-05-13 01:00:00,Emergency,30,25,5,0,0.8333
2024-05-13 01:00:00,General,80,60,19,1,0.75
2024-05-13 01:00:00,Pediatric,25,17,7,1,0.68
2024-05-13 01:00:00,Maternity,20,13,7,0,0.65
2024-05-13 01:00:00,Surgical,25,19,5,1,0.76
2024-05-13 03:00:00,ICU,20,16,4,0,0.8
2024-05-13 03:00:00,Emergency,30,25,5,0,0.8333
2024-05-13 03:00:00,General,80,63,16,1,0.7875
2024-05-13 03:00:00,Pediatric,25,16,9,0,0.64
2024-05-13 03:00:00,Maternity,20,13,7,0,0.65
2024-05-13 03:00:00,Surgical,25,19,5,1,0.76
2024-05-13 05:00:00,ICU,20,18,2,0,0.9
2024-05-13 05:00:00,Emergency,30,24,6,0,0.8
2024-05-13 05:00:00,General,80,58,21,1,0.725
2024-05-13 05:00:00,Pediatric,25,16,9,0,0.64
2024-05-13 05:00:00,Maternity,20,14,6,0,0.7
2024-05-13 05:00:00,Surgical,25,21,3,1,0.84
2024-05-13 07:00:00,ICU,20,19,1,0,0.95
2024-05-13 07:00:00,Emergency,30,25,4,1,0.8333
2024-05-13 07:00:00,General,80,65,14,1,0.8125
2024-05-13 07:00:00,Pediatric,25,18,6,1,0.72
2024-05-13 07:00:00,Maternity,20,13,6,1,0.65
2024-05-13 07:00:00,Surgical,25,21,3,1,0.84
2024-05-13 09:00:00,ICU,20,18,1,1,0.9
2024-05-13 09:00:00,Emergency,30,26,3,1,0.8667
2024-05-13 09:00:00,General,80,64,15,1,0.8
2024-05-13 09:00:00,Pediatric,25,20,5,0,0.8
2024-05-13 09:00:00,Maternity,20,15,5,0,0.75
2024-05-13 09:00:00,Surgical,25,21,3,1,0.84
2024-05-13 11:00:00,ICU,20,19,0,1,0.95
2024-05-13 11:00:00,Emergency,30,26,3,1,0.8667
2024-05-13 11:00:00,General,80,66,13,1,0.825
2024-05-13 11:00:00,Pediatric,25,19,6,0,0.76
2024-05-13 11:00:00,Maternity,20,14,6,0,0.7
2024-05-13 11:00:00,Surgical,25,23,2,0,0.92
2024-05-13 13:00:00,ICU,20,18,1,1,0.9
2024-05-13 13:00:00,Emergency,30,26,3,1,0.8667
2024-05-13 13:00:00,General,80,62,16,2,0.775
2024-05-13 13:00:00,Pediatric,25,19,5,1,0.76
2024-05-13 13:00:00,Maternity,20,15,5,0,0.75
2024-05-13 13:00:00,Surgical,25,21,3,1,0.84
2024-05-13 15:00:00,ICU,20,19,1,0,0.95
2024-05-13 15:00:00,Emergency,30,26,4,0,0.8667
2024-05-13 15:00:00,General,80,67,11,2,0.8375
2024-05-13 15:00:00,Pediatric,25,18,6,1,0.72
2024-05-13 15:00:00,Maternity,20,15,5,0,0.75
2024-05-13 15:00:00,Surgical,25,21,3,1,0.84
2024-05-13 17:00:00,ICU,20,19,1,0,0.95
2024-05-13 17:00:00,Emergency,30,27,2,1,0.9
2024-05-13 17:00:00,General,80,66,13,1,0.825
2024-05-13 17:00:00,Pediatric,25,18,7,0,0.72
2024-05-13 17:00:00,Maternity,20,15,5,0,0.75
2024-05-13 17:00:00,Surgical,25,20,4,1,0.8
2024-05-13 19:00:00,ICU,20,18,2,0,0.9
2024-05-13 19:00:00,Emergency,30,24,5,1,0.8
2024-05-13 19:00:00,General,80,61,17,2,0.7625
2024-05-13 19:00:00,Pediatric,25,17,7,1,0.68
2024-05-13 19:00:00,Maternity,20,13,7,0,0.65
2024-05-13 19:00:00,Surgical,25,19,5,1,0.76
2024-05-13 21:00:00,ICU,20,17,3,0,0.85
2024-05-13 21:00:00,Emergency,30,22,7,1,0.7333
2024-05-13 21:00:00,General,80,56,22,2,0.7
2024-05-13 21:00:00,Pediatric,25,17,7,1,0.68
2024-05-13 21:00:00,Maternity,20,12,7,1,0.6
2024-05-13 21:00:00,Surgical,25,20,4,1,0.8
2024-05-13 23:00:00,ICU,20,16,3,1,0.8
2024-05-13 23:00:00,Emergency,30,22,7,1,0.7333
2024-05-13 23:00:00,General,80,61,18,1,0.7625
2024-05-13 23:00:00,Pediatric,25,18,7,0,0.72
2024-05-13 23:00:00,Maternity,20,13,7,0,0.65
2024-05-13 23:00:00,Surgical,25,19,5,1,0.76
2024-05-14 01:00:00,ICU,20,16,3,1,0.8
2024-05-14 01:00:00,Emergency,30,24,5,1,0.8
2024-05-14 01:00:00,General,80,56,22,2,0.7
2024-05-14 01:00:00,Pediatric,25,16,9,0,0.64
2024-05-14 01:00:00,Maternity,20,13,7,0,0.65
2024-05-14 01:00:00,Surgical,25,19,5,1,0.76
2024-05-14 03:00:00,ICU,20,17,3,0,0.85
2024-05-14 03:00:00,Emergency,30,23,6,1,0.7667
2024-05-14 03:00:00,General,80,58,20,2,0.725
2024-05-14 03:00:00,Pediatric,25,17,7,1,0.68
2024-05-14 03:00:00,Maternity,20,13,6,1,0.65
2024-05-14 03:00:00,Surgical,25,19,5,1,0.76
2024-05-14 05:00:00,ICU,20,16,3,1,0.8
2024-05-14 05:00:00,Emergency,30,25,4,1,0.8333
2024-05-14 05:00:00,General,80,56,22,2,0.7
2024-05-14 05:00:00,Pediatric,25,18,7,0,0.72
2024-05-14 05:00:00,Maternity,20,14,6,0,0.7
2024-05-14 05:00:00,Surgical,25,19,5,1,0.76
2024-05-14 07:00:00,ICU,20,17,2,1,0.85
2024-05-14 07:00:00,Emergency,30,25,4,1,0.8333
2024-05-14 07:00:00,General,80,66,12,2,0.825
2024-05-14 07:00:00,Pediatric,25,18,7,0,0.72
2024-05-14 07:00:00,Maternity,20,14,6,0,0.7
2024-05-14 07:00:00,Surgical,25,20,4,1,0.8
2024-05-14 09:00:00,ICU,20,19,0,1,0.95
2024-05-14 09:00:00,Emergency,30,27,3,0,0.9
2024-05-14 09:00:00,General,80,63,15,2,0.7875
2024-05-14 09:00:00,Pediatric,25,19,6,0,0.76
2024-05-14 09:00:00,Maternity,20,15,5,0,0.75
2024-05-14 09:00:00,Surgical,25,21,3,1,0.84
2024-05-14 11:00:00,ICU,20,19,0,1,0.95
2024-05-14 11:00:00,Emergency,30,26,4,0,0.8667
2024-05-14 11:00:00,General,80,70,8,2,0.875
2024-05-14 11:00:00,Pediatric,25,19,5,1,0.76
2024-05-14 11:00:00,Maternity,20,15,4,1,0.75
2024-05-14 11:00:00,Surgical,25,21,3,1,0.84
2024-05-14 13:00:00,ICU,20,18,1,1,0.9
2024-05-14 13:00:00,Emergency,30,25,4,1,0.8333
2024-05-14 13:00:00,General,80,65,13,2,0.8125
2024-05-14 13:00:00,Pediatric,25,19,5,1,0.76
2024-05-14 13:00:00,Maternity,20,16,4,0,0.8
2024-05-14 13:00:00,Surgical,25,21,3,1,0.84
2024-05-14 15:00:00,ICU,20,18,1,1,0.9
2024-05-14 15:00:00,Emergency,30,26,3,1,0.8667
2024-05-14 15:00:00,General,80,61,17,2,0.7625
2024-05-14 15:00:00,Pediatric,25,20,5,0,0.8
2024-05-14 15:00:00,Maternity,20,14,6,0,0.7
2024-05-14 15:00:00,Surgical,25,21,3,1,0.84
2024-05-14 17:00:00,ICU,20,17,2,1,0.85
2024-05-14 17:00:00,Emergency,30,24,5,1,0.8
2024-05-14 17:00:00,General,80,62,16,2,0.775
2024-05-14 17:00:00,Pediatric,25,18,7,0,0.72
2024-05-14 17:00:00,Maternity,20,14,6,0,0.7
2024-05-14 17:00:00,Surgical,25,20,4,1,0.8
2024-05-14 19:00:00,ICU,20,17,2,1,0.85
2024-05-14 19:00:00,Emergency,30,26,4,0,0.8667
2024-05-14 19:00:00,General,80,60,18,2,0.75
2024-05-14 19:00:00,Pediatric,25,18,7,0,0.72
2024-05-14 19:00:00,Maternity,20,13,7,0,0.65
2024-05-14 19:00:00,Surgical,25,19,5,1,0.76
2024-05-14 21:00:00,ICU,20,15,4,1,0.75
2024-05-14 21:00:00,Emergency,30,23,7,0,0.7667
2024-05-14 21:00:00,General,80,57,22,1,0.7125
2024-05-14 21:00:00,Pediatric,25,18,7,0,0.72
2024-05-14 21:00:00,Maternity,20,13,6,1,0.65
2024-05-14 21:00:00,Surgical,25,19,5,1,0.76
2024-05-14 23:00:00,ICU,20,15,4,1,0.75
2024-05-14 23:00:00,Emergency,30,24,6,0,0.8
2024-05-14 23:00:00,General,80,58,20,2,0.725
2024-05-14 23:00:00,Pediatric,25,17,8,0,0.68
2024-05-14 23:00:00,Maternity,20,12,8,0,0.6
2024-05-14 23:00:00,Surgical,25,18,6,1,0.72
2024-05-15 01:00:00,ICU,20,17,3,0,0.85
2024-05-15 01:00:00,Emergency,30,23,6,1,0.7667
2024-05-15 01:00:00,General,80,52,26,2,0.65
2024-05-15 01:00:00,Pediatric,25,16,8,1,0.64
2024-05-15 01:00:00,Maternity,20,13,6,1,0.65
2024-05-15 01:00:00,Surgical,25,19,5,1,0.76
2024-05-15 03:00:00,ICU,20,16,3,1,0.8
2024-05-15 03:00:00,Emergency,30,23,6,1,0.7667
2024-05-15 03:00:00,General,80,55,23,2,0.6875
2024-05-15 03:00:00,Pediatric,25,15,10,0,0.6
2024-05-15 03:00:00,Maternity,20,13,7,0,0.65
2024-05-15 03:00:00,Surgical,25,20,5,0,0.8
2024-05-15 05:00:00,ICU,20,17,2,1,0.85
2024-05-15 05:00:00,Emergency,30,23,6,1,0.7667
2024-05-15 05:00:00,General,80,58,20,2,0.725
2024-05-15 05:00:00,Pediatric,25,17,8,0,0.68
2024-05-15 05:00:00,Maternity,20,13,7,0,0.65
2024-05-15 05:00:00,Surgical,25,18,6,1,0.72
2024-05-15 07:00:00,ICU,20,18,1,1,0.9
2024-05-15 07:00:00,Emergency,30,24,5,1,0.8
2024-05-15 07:00:00,General,80,66,13,1,0.825
2024-05-15 07:00:00,Pediatric,25,18,7,0,0.72
2024-05-15 07:00:00,Maternity,20,15,5,0,0.75
2024-05-15 07:00:00,Surgical,25,19,5,1,0.76
2024-05-15 09:00:00,ICU,20,19,1,0,0.95
2024-05-15 09:00:00,Emergency,30,25,4,1,0.8333
2024-05-15 09:00:00,General,80,60,19,1,0.75
2024-05-15 09:00:00,Pediatric,25,18,6,1,0.72
2024-05-15 09:00:00,Maternity,20,15,5,0,0.75
2024-05-15 09:00:00,Surgical,25,21,4,0,0.84
2024-05-15 11:00:00,ICU,20,18,2,0,0.9
2024-05-15 11:00:00,Emergency,30,26,4,0,0.8667
2024-05-15 11:00:00,General,80,64,14,2,0.8
2024-05-15 11:00:00,Pediatric,25,18,6,1,0.72
2024-05-15 11:00:00,Maternity,20,15,5,0,0.75
2024-05-15 11:00:00,Surgical,25,21,3,1,0.84
2024-05-15 13:00:00,ICU,20,20,0,0,1.0
2024-05-15 13:00:00,Emergency,30,26,3,1,0.8667
2024-05-15 13:00:00,General,80,64,15,1,0.8
2024-05-15 13:00:00,Pediatric,25,18,7,0,0.72
2024-05-15 13:00:00,Maternity,20,14,6,0,0.7
2024-05-15 13:00:00,Surgical,25,20,4,1,0.8
2024-05-15 15:00:00,ICU,20,18,1,1,0.9
2024-05-15 15:00:00,Emergency,30,25,4,1,0.8333
2024-05-15 15:00:00,General,80,59,19,2,0.7375
2024-05-15 15:00:00,Pediatric,25,18,6,1,0.72
2024-05-15 15:00:00,Maternity,20,15,5,0,0.75
2024-05-15 15:00:00,Surgical,25,21,3,1,0.84
2024-05-15 17:00:00,ICU,20,18,2,0,0.9
2024-05-15 17:00:00,Emergency,30,26,4,0,0.8667
2024-05-15 17:00:00,General,80,60,18,2,0.75
2024-05-15 17:00:00,Pediatric,25,17,7,1,0.68
2024-05-15 17:00:00,Maternity,20,14,5,1,0.7
2024-05-15 17:00:00,Surgical,25,19,6,0,0.76
2024-05-15 19:00:00,ICU,20,17,3,0,0.85
2024-05-15 19:00:00,Emergency,30,22,7,1,0.7333
2024-05-15 19:00:00,General,80,59,20,1,0.7375
2024-05-15 19:00:00,Pediatric,25,17,7,1,0.68
2024-05-15 19:00:00,Maternity,20,13,7,0,0.65
2024-05-15 19:00:00,Surgical,25,18,7,0,0.72
2024-05-15 21:00:00,ICU,20,16,4,0,0.8
2024-05-15 21:00:00,Emergency,30,23,6,1,0.7667
2024-05-15 21:00:00,General,80,57,21,2,0.7125
2024-05-15 21:00:00,Pediatric,25,17,8,0,0.68
2024-05-15 21:00:00,Maternity,20,13,7,0,0.65
2024-05-15 21:00:00,Surgical,25,18,7,0,0.72
2024-05-15 23:00:00,ICU,20,16,4,0,0.8
2024-05-15 23:00:00,Emergency,30,21,8,1,0.7
2024-05-15 23:00:00,General,80,61,18,1,0.7625
2024-05-15 23:00:00,Pediatric,25,17,8,0,0.68
2024-05-15 23:00:00,Maternity,20,12,8,0,0.6
2024-05-15 23:00:00,Surgical,25,17,7,1,0.68
2024-05-16 01:00:00,ICU,20,16,4,0,0.8
2024-05-16 01:00:00,Emergency,30,23,7,0,0.7667
2024-05-16 01:00:00,General,80,58,21,1,0.725
2024-05-16 01:00:00,Pediatric,25,16,8,1,0.64
2024-05-16 01:00:00,Maternity,20,12,8,0,0.6
2024-05-16 01:00:00,Surgical,25,19,5,1,0.76
2024-05-16 03:00:00,ICU,20,15,4,1,0.75
2024-05-16 03:00:00,Emergency,30,23,6,1,0.7667
2024-05-16 03:00:00,General,80,53,25,2,0.6625
2024-05-16 03:00:00,Pediatric,25,16,8,1,0.64
2024-05-16 03:00:00,Maternity,20,13,7,0,0.65
2024-05-16 03:00:00,Surgical,25,17,8,0,0.68
2024-05-16 05:00:00,ICU,20,16,3,1,0.8
2024-05-16 05:00:00,Emergency,30,23,6,1,0.7667
2024-05-16 05:00:00,General,80,54,24,2,0.675
2024-05-16 05:00:00,Pediatric,25,15,10,0,0.6
2024-05-16 05:00:00,Maternity,20,13,7,0,0.65
2024-05-16 05:00:00,Surgical,25,18,6,1,0.72
2024-05-16 07:00:00,ICU,20,17,2,1,0.85
2024-05-16 07:00:00,Emergency,30,24,6,0,0.8
2024-05-16 07:00:00,General,80,60,19,1,0.75
2024-05-16 07:00:00,Pediatric,25,18,7,0,0.72
2024-05-16 07:00:00,Maternity,20,14,6,0,0.7
2024-05-16 07:00:00,Surgical,25,19,6,0,0.76
2024-05-16 09:00:00,ICU,20,19,1,0,0.95
2024-05-16 09:00:00,Emergency,30,27,3,0,0.9
2024-05-16 09:00:00,General,80,68,10,2,0.85
2024-05-16 09:00:00,Pediatric,25,17,8,0,0.68
2024-05-16 09:00:00,Maternity,20,14,6,0,0.7
2024-05-16 09:00:00,Surgical,25,18,6,1,0.72
2024-05-16 11:00:00,ICU,20,17,2,1,0.85
2024-05-16 11:00:00,Emergency,30,24,5,1,0.8
2024-05-16 11:00:00,General,80,67,12,1,0.8375
2024-05-16 11:00:00,Pediatric,25,18,7,0,0.72
2024-05-16 11:00:00,Maternity,20,13,7,0,0.65
2024-05-16 11:00:00,Surgical,25,20,4,1,0.8
2024-05-16 13:00:00,ICU,20,17,3,0,0.85
2024-05-16 13:00:00,Emergency,30,25,4,1,0.8333
2024-05-16 13:00:00,General,80,57,22,1,0.7125
2024-05-16 13:00:00,Pediatric,25,17,7,1,0.68
2024-05-16 13:00:00,Maternity,20,12,7,1,0.6
2024-05-16 13:00:00,Surgical,25,20,4,1,0.8
2024-05-16 15:00:00,ICU,20,18,1,1,0.9
2024-05-16 15:00:00,Emergency,30,24,5,1,0.8
2024-05-16 15:00:00,General,80,59,20,1,0.7375
2024-05-16 15:00:00,Pediatric,25,17,7,1,0.68
2024-05-16 15:00:00,Maternity,20,14,6,0,0.7
2024-05-16 15:00:00,Surgical,25,20,4,1,0.8
2024-05-16 17:00:00,ICU,20,15,4,1,0.75
2024-05-16 17:00:00,Emergency,30,24,5,1,0.8
2024-05-16 17:00:00,General,80,52,27,1,0.65
2024-05-16 17:00:00,Pediatric,25,16,8,1,0.64
2024-05-16 17:00:00,Maternity,20,13,7,0,0.65
2024-05-16 17:00:00,Surgical,25,19,5,1,0.76
2024-05-16 19:00:00,ICU,20,16,4,0,0.8
2024-05-16 19:00:00,Emergency,30,21,8,1,0.7
2024-05-16 19:00:00,General,80,53,25,2,0.6625
2024-05-16 19:00:00,Pediatric,25,16,9,0,0.64
2024-05-16 19:00:00,Maternity,20,13,7,0,0.65
2024-05-16 19:00:00,Surgical,25,18,6,1,0.72
2024-05-16 21:00:00,ICU,20,15,4,1,0.75
2024-05-16 21:00:00,Emergency,30,23,7,0,0.7667
2024-05-16 21:00:00,General,80,53,26,1,0.6625
2024-05-16 21:00:00,Pediatric,25,16,9,0,0.64
2024-05-16 21:00:00,Maternity,20,14,6,0,0.7
2024-05-16 21:00:00,Surgical,25,17,8,0,0.68
2024-05-16 23:00:00,ICU,20,14,5,1,0.7
2024-05-16 23:00:00,Emergency,30,22,7,1,0.7333
2024-05-16 23:00:00,General,80,53,26,1,0.6625
2024-05-16 23:00:00,Pediatric,25,15,9,1,0.6
2024-05-16 23:00:00,Maternity,20,12,8,0,0.6
2024-05-16 23:00:00,Surgical,25,17,7,1,0.68
2024-05-17 01:00:00,ICU,20,16,3,1,0.8
2024-05-17 01:00:00,Emergency,30,22,7,1,0.7333
2024-05-17 01:00:00,General,80,56,22,2,0.7
2024-05-17 01:00:00,Pediatric,25,15,10,0,0.6
2024-05-17 01:00:00,Maternity,20,12,8,0,0.6
2024-05-17 01:00:00,Surgical,25,15,9,1,0.6
2024-05-17 03:00:00,ICU,20,14,5,1,0.7
2024-05-17 03:00:00,Emergency,30,23,7,0,0.7667
2024-05-17 03:00:00,General,80,55,23,2,0.6875
2024-05-17 03:00:00,Pediatric,25,15,9,1,0.6
2024-05-17 03:00:00,Maternity,20,12,8,0,0.6
2024-05-17 03:00:00,Surgical,25,17,7,1,0.68
2024-05-17 05:00:00,ICU,20,15,4,1,0.75
2024-05-17 05:00:00,Emergency,30,22,7,1,0.7333
2024-05-17 05:00:00,General,80,50,29,1,0.625
2024-05-17 05:00:00,Pediatric,25,16,9,0,0.64
2024-05-17 05:00:00,Maternity,20,13,7,0,0.65
2024-05-17 05:00:00,Surgical,25,17,7,1,0.68
2024-05-17 07:00:00,ICU,20,16,3,1,0.8
2024-05-17 07:00:00,Emergency,30,26,3,1,0.8667
2024-05-17 07:00:00,General,80,58,21,1,0.725
2024-05-17 07:00:00,Pediatric,25,17,8,0,0.68
2024-05-17 07:00:00,Maternity,20,13,7,0,0.65
2024-05-17 07:00:00,Surgical,25,19,5,1,0.76
2024-05-17 09:00:00,ICU,20,17,2,1,0.85
2024-05-17 09:00:00,Emergency,30,25,5,0,0.8333
2024-05-17 09:00:00,General,80,58,21,1,0.725
2024-05-17 09:00:00,Pediatric,25,17,7,1,0.68
2024-05-17 09:00:00,Maternity,20,14,5,1,0.7
2024-05-17 09:00:00,Surgical,25,20,4,1,0.8
2024-05-17 11:00:00,ICU,20,18,2,0,0.9
2024-05-17 11:00:00,Emergency,30,25,5,0,0.8333
2024-05-17 11:00:00,General,80,63,15,2,0.7875
2024-05-17 11:00:00,Pediatric,25,18,7,0,0.72
2024-05-17 11:00:00,Maternity,20,13,7,0,0.65
2024-05-17 11:00:00,Surgical,25,20,4,1,0.8
2024-05-17 13:00:00,ICU,20,17,3,0,0.85
2024-05-17 13:00:00,Emergency,30,24,5,1,0.8
2024-05-17 13:00:00,General,80,62,17,1,0.775
2024-05-17 13:00:00,Pediatric,25,17,7,1,0.68
2024-05-17 13:00:00,Maternity,20,13,7,0,0.65
2024-05-17 13:00:00,Surgical,25,20,4,1,0.8
2024-05-17 15:00:00,ICU,20,17,2,1,0.85
2024-05-17 15:00:00,Emergency,30,23,6,1,0.7667
2024-05-17 15:00:00,General,80,56,22,2,0.7
2024-05-17 15:00:00,Pediatric,25,17,7,1,0.68
2024-05-17 15:00:00,Maternity,20,13,6,1,0.65
2024-05-17 15:00:00,Surgical,25,19,5,1,0.76
2024-05-17 17:00:00,ICU,20,17,3,0,0.85
2024-05-17 17:00:00,Emergency,30,22,8,0,0.7333
2024-05-17 17:00:00,General,80,57,21,2,0.7125
2024-05-17 17:00:00,Pediatric,25,16,8,1,0.64
2024-05-17 17:00:00,Maternity,20,14,6,0,0.7
2024-05-17 17:00:00,Surgical,25,18,6,1,0.72
2024-05-17 19:00:00,ICU,20,16,3,1,0.8
2024-05-17 19:00:00,Emergency,30,21,9,0,0.7
2024-05-17 19:00:00,General,80,59,20,1,0.7375
2024-05-17 19:00:00,Pediatric,25,16,9,0,0.64
2024-05-17 19:00:00,Maternity,20,13,7,0,0.65
2024-05-17 19:00:00,Surgical,25,18,6,1,0.72
2024-05-17 21:00:00,ICU,20,16,3,1,0.8
2024-05-17 21:00:00,Emergency,30,21,8,1,0.7
2024-05-17 21:00:00,General,80,52,27,1,0.65
2024-05-17 21:00:00,Pediatric,25,17,8,0,0.68
2024-05-17 21:00:00,Maternity,20,12,8,0,0.6
2024-05-17 21:00:00,Surgical,25,18,6,1,0.72
2024-05-17 23:00:00,ICU,20,17,3,0,0.85
2024-05-17 23:00:00,Emergency,30,21,8,1,0.7
2024-05-17 23:00:00,General,80,56,23,1,0.7
2024-05-17 23:00:00,Pediatric,25,16,9,0,0.64
2024-05-17 23:00:00,Maternity,20,12,8,0,0.6
2024-05-17 23:00:00,Surgical,25,18,7,0,0.72
2024-05-18 01:00:00,ICU,20,15,5,0,0.75
2024-05-18 01:00:00,Emergency,30,22,8,0,0.7333
2024-05-18 01:00:00,General,80,57,21,2,0.7125
2024-05-18 01:00:00,Pediatric,25,17,8,0,0.68
2024-05-18 01:00:00,Maternity,20,12,8,0,0.6
2024-05-18 01:00:00,Surgical,25,18,6,1,0.72
2024-05-18 03:00:00,ICU,20,16,4,0,0.8
2024-05-18 03:00:00,Emergency,30,23,6,1,0.7667
2024-05-18 03:00:00,General,80,54,24,2,0.675
2024-05-18 03:00:00,Pediatric,25,16,9,0,0.64
2024-05-18 03:00:00,Maternity,20,13,7,0,0.65
2024-05-18 03:00:00,Surgical,25,17,7,1,0.68
2024-05-18 05:00:00,ICU,20,16,3,1,0.8
2024-05-18 05:00:00,Emergency,30,21,8,1,0.7
2024-05-18 05:00:00,General,80,58,20,2,0.725
2024-05-18 05:00:00,Pediatric,25,16,9,0,0.64
2024-05-18 05:00:00,Maternity,20,12,8,0,0.6
2024-05-18 05:00:00,Surgical,25,16,8,1,0.64
2024-05-18 07:00:00,ICU,20,16,3,1,0.8
2024-05-18 07:00:00,Emergency,30,23,6,1,0.7667
2024-05-18 07:00:00,General,80,58,21,1,0.725
2024-05-18 07:00:00,Pediatric,25,17,8,0,0.68
2024-05-18 07:00:00,Maternity,20,13,6,1,0.65
2024-05-18 07:00:00,Surgical,25,19,5,1,0.76
2024-05-18 09:00:00,ICU,20,17,2,1,0.85
2024-05-18 09:00:00,Emergency,30,24,5,1,0.8
2024-05-18 09:00:00,General,80,59,19,2,0.7375
2024-05-18 09:00:00,Pediatric,25,19,6,0,0.76
2024-05-18 09:00:00,Maternity,20,14,6,0,0.7
2024-05-18 09:00:00,Surgical,25,21,3,1,0.84
2024-05-18 11:00:00,ICU,20,17,2,1,0.85
2024-05-18 11:00:00,Emergency,30,26,4,0,0.8667
2024-05-18 11:00:00,General,80,66,13,1,0.825
2024-05-18 11:00:00,Pediatric,25,19,5,1,0.76
2024-05-18 11:00:00,Maternity,20,14,6,0,0.7
2024-05-18 11:00:00,Surgical,25,20,4,1,0.8
2024-05-18 13:00:00,ICU,20,17,2,1,0.85
2024-05-18 13:00:00,Emergency,30,26,4,0,0.8667
2024-05-18 13:00:00,General,80,66,13,1,0.825
2024-05-18 13:00:00,Pediatric,25,19,6,0,0.76
2024-05-18 13:00:00,Maternity,20,15,5,0,0.75
2024-05-18 13:00:00,Surgical,25,21,3,1,0.84
2024-05-18 15:00:00,ICU,20,18,2,0,0.9
2024-05-18 15:00:00,Emergency,30,26,4,0,0.8667
2024-05-18 15:00:00,General,80,59,20,1,0.7375
2024-05-18 15:00:00,Pediatric,25,16,9,0,0.64
2024-05-18 15:00:00,Maternity,20,14,6,0,0.7
2024-05-18 15:00:00,Surgical,25,21,4,0,0.84
2024-05-18 17:00:00,ICU,20,17,3,0,0.85
2024-05-18 17:00:00,Emergency,30,24,5,1,0.8
2024-05-18 17:00:00,General,80,60,18,2,0.75
2024-05-18 17:00:00,Pediatric,25,18,6,1,0.72
2024-05-18 17:00:00,Maternity,20,14,6,0,0.7
2024-05-18 17:00:00,Surgical,25,20,5,0,0.8
2024-05-18 19:00:00,ICU,20,18,2,0,0.9
2024-05-18 19:00:00,Emergency,30,23,6,1,0.7667
2024-05-18 19:00:00,General,80,59,19,2,0.7375
2024-05-18 19:00:00,Pediatric,25,16,8,1,0.64
2024-05-18 19:00:00,Maternity,20,13,7,0,0.65
2024-05-18 19:00:00,Surgical,25,19,5,1,0.76
2024-05-18 21:00:00,ICU,20,16,3,1,0.8
2024-05-18 21:00:00,Emergency,30,23,6,1,0.7667
2024-05-18 21:00:00,General,80,56,23,1,0.7
2024-05-18 21:00:00,Pediatric,25,15,9,1,0.6
2024-05-18 21:00:00,Maternity,20,13,7,0,0.65
2024-05-18 21:00:00,Surgical,25,19,5,1,0.76
2024-05-18 23:00:00,ICU,20,16,4,0,0.8
2024-05-18 23:00:00,Emergency,30,22,7,1,0.7333
2024-05-18 23:00:00,General,80,59,20,1,0.7375
2024-05-18 23:00:00,Pediatric,25,15,9,1,0.6
2024-05-18 23:00:00,Maternity,20,12,8,0,0.6
2024-05-18 23:00:00,Surgical,25,18,6,1,0.72
2024-05-19 01:00:00,ICU,20,15,4,1,0.75
2024-05-19 01:00:00,Emergency,30,22,7,1,0.7333
2024-05-19 01:00:00,General,80,56,22,2,0.7
2024-05-19 01:00:00,Pediatric,25,17,8,0,0.68
2024-05-19 01:00:00,Maternity,20,13,7,0,0.65
2024-05-19 01:00:00,Surgical,25,19,5,1,0.76
2024-05-19 03:00:00,ICU,20,17,2,1,0.85
2024-05-19 03:00:00,Emergency,30,22,7,1,0.7333
2024-05-19 03:00:00,General,80,57,21,2,0.7125
2024-05-19 03:00:00,Pediatric,25,16,8,1,0.64
2024-05-19 03:00:00,Maternity,20,13,7,0,0.65
2024-05-19 03:00:00,Surgical,25,19,6,0,0.76
2024-05-19 05:00:00,ICU,20,16,3,1,0.8
2024-05-19 05:00:00,Emergency,30,24,6,0,0.8
2024-05-19 05:00:00,General,80,62,16,2,0.775
2024-05-19 05:00:00,Pediatric,25,16,9,0,0.64
2024-05-19 05:00:00,Maternity,20,13,7,0,0.65
2024-05-19 05:00:00,Surgical,25,18,6,1,0.72
2024-05-19 07:00:00,ICU,20,17,2,1,0.85
2024-05-19 07:00:00,Emergency,30,25,4,1,0.8333
2024-05-19 07:00:00,General,80,64,14,2,0.8
2024-05-19 07:00:00,Pediatric,25,16,9,0,0.64
2024-05-19 07:00:00,Maternity,20,13,7,0,0.65
2024-05-19 07:00:00,Surgical,25,20,4,1,0.8
2024-05-19 09:00:00,ICU,20,18,1,1,0.9
2024-05-19 09:00:00,Emergency,30,24,5,1,0.8
2024-05-19 09:00:00,General,80,57,21,2,0.7125
2024-05-19 09:00:00,Pediatric,25,19,6,0,0.76
2024-05-19 09:00:00,Maternity,20,15,5,0,0.75
2024-05-19 09:00:00,Surgical,25,20,4,1,0.8
2024-05-19 11:00:00,ICU,20,19,1,0,0.95
2024-05-19 11:00:00,Emergency,30,26,4,0,0.8667
2024-05-19 11:00:00,General,80,66,13,1,0.825
2024-05-19 11:00:00,Pediatric,25,18,6,1,0.72
2024-05-19 11:00:00,Maternity,20,15,4,1,0.75
2024-05-19 11:00:00,Surgical,25,19,5,1,0.76
2024-05-19 13:00:00,ICU,20,19,1,0,0.95
2024-05-19 13:00:00,Emergency,30,26,4,0,0.8667
2024-05-19 13:00:00,General,80,65,13,2,0.8125
2024-05-19 13:00:00,Pediatric,25,18,6,1,0.72
2024-05-19 13:00:00,Maternity,20,15,5,0,0.75
2024-05-19 13:00:00,Surgical,25,20,4,1,0.8
2024-05-19 15:00:00,ICU,20,19,1,0,0.95
2024-05-19 15:00:00,Emergency,30,27,3,0,0.9
2024-05-19 15:00:00,General,80,69,9,2,0.8625
2024-05-19 15:00:00,Pediatric,25,19,6,0,0.76
2024-05-19 15:00:00,Maternity,20,15,5,0,0.75
2024-05-19 15:00:00,Surgical,25,20,4,1,0.8
2024-05-19 17:00:00,ICU,20,16,3,1,0.8
2024-05-19 17:00:00,Emergency,30,27,3,0,0.9
2024-05-19 17:00:00,General,80,62,16,2,0.775
2024-05-19 17:00:00,Pediatric,25,19,5,1,0.76
2024-05-19 17:00:00,Maternity,20,13,7,0,0.65
2024-05-19 17:00:00,Surgical,25,21,3,1,0.84
2024-05-19 19:00:00,ICU,20,18,1,1,0.9
2024-05-19 19:00:00,Emergency,30,24,5,1,0.8
2024-05-19 19:00:00,General,80,61,17,2,0.7625
2024-05-19 19:00:00,Pediatric,25,18,7,0,0.72
2024-05-19 19:00:00,Maternity,20,12,7,1,0.6
2024-05-19 19:00:00,Surgical,25,20,4,1,0.8
2024-05-19 21:00:00,ICU,20,16,3,1,0.8
2024-05-19 21:00:00,Emergency,30,24,5,1,0.8
2024-05-19 21:00:00,General,80,55,23,2,0.6875
2024-05-19 21:00:00,Pediatric,25,16,9,0,0.64
2024-05-19 21:00:00,Maternity,20,14,6,0,0.7
2024-05-19 21:00:00,Surgical,25,19,5,1,0.76
2024-05-19 23:00:00,ICU,20,17,2,1,0.85
2024-05-19 23:00:00,Emergency,30,24,6,0,0.8
2024-05-19 23:00:00,General,80,55,24,1,0.6875
2024-05-19 23:00:00,Pediatric,25,18,7,0,0.72
2024-05-19 23:00:00,Maternity,20,12,7,1,0.6
2024-05-19 23:00:00,Surgical,25,19,5,1,0.76
2024-05-20 01:00:00,ICU,20,16,3,1,0.8
2024-05-20 01:00:00,Emergency,30,22,7,1,0.7333
2024-05-20 01:00:00,General,80,60,19,1,0.75
2024-05-20 01:00:00,Pediatric,25,18,6,1,0.72
2024-05-20 01:00:00,Maternity,20,14,6,0,0.7
2024-05-20 01:00:00,Surgical,25,19,5,1,0.76
2024-05-20 03:00:00,ICU,20,17,2,1,0.85
2024-05-20 03:00:00,Emergency,30,24,5,1,0.8
2024-05-20 03:00:00,General,80,59,19,2,0.7375
2024-05-20 03:00:00,Pediatric,25,17,8,0,0.68
2024-05-20 03:00:00,Maternity,20,14,6,0,0.7
2024-05-20 03:00:00,Surgical,25,21,4,0,0.84
2024-05-20 05:00:00,ICU,20,16,3,1,0.8
2024-05-20 05:00:00,Emergency,30,25,4,1,0.8333
2024-05-20 05:00:00,General,80,59,19,2,0.7375
2024-05-20 05:00:00,Pediatric,25,16,8,1,0.64
2024-05-20 05:00:00,Maternity,20,14,6,0,0.7
2024-05-20 05:00:00,Surgical,25,19,5,1,0.76
2024-05-20 07:00:00,ICU,20,18,1,1,0.9
2024-05-20 07:00:00,Emergency,30,25,4,1,0.8333
2024-05-20 07:00:00,General,80,63,15,2,0.7875
2024-05-20 07:00:00,Pediatric,25,19,6,0,0.76
2024-05-20 07:00:00,Maternity,20,15,5,0,0.75
2024-05-20 07:00:00,Surgical,25,19,5,1,0.76
2024-05-20 09:00:00,ICU,20,19,1,0,0.95
2024-05-20 09:00:00,Emergency,30,28,2,0,0.9333
2024-05-20 09:00:00,General,80,65,13,2,0.8125
2024-05-20 09:00:00,Pediatric,25,19,6,0,0.76
2024-05-20 09:00:00,Maternity,20,14,6,0,0.7
2024-05-20 09:00:00,Surgical,25,21,4,0,0.84
2024-05-20 11:00:00,ICU,20,18,1,1,0.9
2024-05-20 11:00:00,Emergency,30,27,2,1,0.9
2024-05-20 11:00:00,General,80,66,13,1,0.825
2024-05-20 11:00:00,Pediatric,25,18,6,1,0.72
2024-05-20 11:00:00,Maternity,20,15,5,0,0.75
2024-05-20 11:00:00,Surgical,25,23,2,0,0.92
2024-05-20 13:00:00,ICU,20,20,0,0,1.0
2024-05-20 13:00:00,Emergency,30,26,3,1,0.8667
2024-05-20 13:00:00,General,80,71,8,1,0.8875
2024-05-20 13:00:00,Pediatric,25,20,4,1,0.8
2024-05-20 13:00:00,Maternity,20,15,5,0,0.75
2024-05-20 13:00:00,Surgical,25,22,2,1,0.88
2024-05-20 15:00:00,ICU,20,18,1,1,0.9
2024-05-20 15:00:00,Emergency,30,27,3,0,0.9
2024-05-20 15:00:00,General,80,69,9,2,0.8625
2024-05-20 15:00:00,Pediatric,25,19,5,1,0.76
2024-05-20 15:00:00,Maternity,20,15,5,0,0.75
2024-05-20 15:00:00,Surgical,25,21,3,1,0.84
2024-05-20 17:00:00,ICU,20,18,2,0,0.9
2024-05-20 17:00:00,Emergency,30,25,4,1,0.8333
2024-05-20 17:00:00,General,80,67,12,1,0.8375
2024-05-20 17:00:00,Pediatric,25,18,7,0,0.72
2024-05-20 17:00:00,Maternity,20,14,6,0,0.7
2024-05-20 17:00:00,Surgical,25,22,3,0,0.88
2024-05-20 19:00:00,ICU,20,17,3,0,0.85
2024-05-20 19:00:00,Emergency,30,24,5,1,0.8
2024-05-20 19:00:00,General,80,60,18,2,0.75
2024-05-20 19:00:00,Pediatric,25,16,8,1,0.64
2024-05-20 19:00:00,Maternity,20,13,6,1,0.65
2024-05-20 19:00:00,Surgical,25,20,4,1,0.8
2024-05-20 21:00:00,ICU,20,16,3,1,0.8
2024-05-20 21:00:00,Emergency,30,22,7,1,0.7333
2024-05-20 21:00:00,General,80,58,21,1,0.725
2024-05-20 21:00:00,Pediatric,25,18,7,0,0.72
2024-05-20 21:00:00,Maternity,20,13,7,0,0.65
2024-05-20 21:00:00,Surgical,25,19,5,1,0.76
2024-05-20 23:00:00,ICU,20,16,3,1,0.8
2024-05-20 23:00:00,Emergency,30,22,7,1,0.7333
2024-05-20 23:00:00,General,80,61,18,1,0.7625
2024-05-20 23:00:00,Pediatric,25,18,7,0,0.72
2024-05-20 23:00:00,Maternity,20,13,7,0,0.65
2024-05-20 23:00:00,Surgical,25,21,4,0,0.84
2024-05-21 01:00:00,ICU,20,17,3,0,0.85
2024-05-21 01:00:00,Emergency,30,26,4,0,0.8667
2024-05-21 01:00:00,General,80,60,19,1,0.75
2024-05-21 01:00:00,Pediatric,25,16,8,1,0.64
2024-05-21 01:00:00,Maternity,20,14,6,0,0.7
2024-05-21 01:00:00,Surgical,25,20,5,0,0.8
2024-05-21 03:00:00,ICU,20,18,2,0,0.9
2024-05-21 03:00:00,Emergency,30,23,6,1,0.7667
2024-05-21 03:00:00,General,80,57,21,2,0.7125
2024-05-21 03:00:00,Pediatric,25,18,7,0,0.72
2024-05-21 03:00:00,Maternity,20,13,7,0,0.65
2024-05-21 03:00:00,Surgical,25,21,4,0,0.84
2024-05-21 05:00:00,ICU,20,17,2,1,0.85
2024-05-21 05:00:00,Emergency,30,23,6,1,0.7667
2024-05-21 05:00:00,General,80,61,18,1,0.7625
2024-05-21 05:00:00,Pediatric,25,17,8,0,0.68
2024-05-21 05:00:00,Maternity,20,14,6,0,0.7
2024-05-21 05:00:00,Surgical,25,19,5,1,0.76
2024-05-21 07:00:00,ICU,20,18,1,1,0.9
2024-05-21 07:00:00,Emergency,30,26,4,0,0.8667
2024-05-21 07:00:00,General,80,60,19,1,0.75
2024-05-21 07:00:00,Pediatric,25,19,6,0,0.76
2024-05-21 07:00:00,Maternity,20,13,7,0,0.65
2024-05-21 07:00:00,Surgical,25,20,4,1,0.8
2024-05-21 09:00:00,ICU,20,20,0,0,1.0
2024-05-21 09:00:00,Emergency,30,26,3,1,0.8667
2024-05-21 09:00:00,General,80,70,8,2,0.875
2024-05-21 09:00:00,Pediatric,25,19,5,1,0.76
2024-05-21 09:00:00,Maternity,20,15,5,0,0.75
2024-05-21 09:00:00,Surgical,25,21,3,1,0.84
2024-05-21 11:00:00,ICU,20,18,1,1,0.9
2024-05-21 11:00:00,Emergency,30,26,4,0,0.8667
2024-05-21 11:00:00,General,80,64,14,2,0.8
2024-05-21 11:00:00,Pediatric,25,19,6,0,0.76
2024-05-21 11:00:00,Maternity,20,14,6,0,0.7
2024-05-21 11:00:00,Surgical,25,22,2,1,0.88
2024-05-21 13:00:00,ICU,20,19,1,0,0.95
2024-05-21 13:00:00,Emergency,30,26,4,0,0.8667
2024-05-21 13:00:00,General,80,68,11,1,0.85
2024-05-21 13:00:00,Pediatric,25,20,5,0,0.8
2024-05-21 13:00:00,Maternity,20,15,4,1,0.75
2024-05-21 13:00:00,Surgical,25,21,3,1,0.84
2024-05-21 15:00:00,ICU,20,19,1,0,0.95
2024-05-21 15:00:00,Emergency,30,27,2,1,0.9
2024-05-21 15:00:00,General,80,65,13,2,0.8125
2024-05-21 15:00:00,Pediatric,25,18,6,1,0.72
2024-05-21 15:00:00,Maternity,20,15,5,0,0.75
2024-05-21 15:00:00,Surgical,25,22,2,1,0.88
2024-05-21 17:00:00,ICU,20,18,2,0,0.9
2024-05-21 17:00:00,Emergency,30,27,2,1,0.9
2024-05-21 17:00:00,General,80,61,17,2,0.7625
2024-05-21 17:00:00,Pediatric,25,18,7,0,0.72
2024-05-21 17:00:00,Maternity,20,14,6,0,0.7
2024-05-21 17:00:00,Surgical,25,20,4,1,0.8
2024-05-21 19:00:00,ICU,20,16,4,0,0.8
2024-05-21 19:00:00,Emergency,30,24,6,0,0.8
2024-05-21 19:00:00,General,80,57,21,2,0.7125
2024-05-21 19:00:00,Pediatric,25,17,7,1,0.68
2024-05-21 19:00:00,Maternity,20,14,6,0,0.7
2024-05-21 19:00:00,Surgical,25,21,4,0,0.84
2024-05-21 21:00:00,ICU,20,15,4,1,0.75
2024-05-21 21:00:00,Emergency,30,25,4,1,0.8333
2024-05-21 21:00:00,General,80,58,20,2,0.725
2024-05-21 21:00:00,Pediatric,25,16,8,1,0.64
2024-05-21 21:00:00,Maternity,20,13,6,1,0.65
2024-05-21 21:00:00,Surgical,25,19,5,1,0.76
2024-05-21 23:00:00,ICU,20,16,3,1,0.8
2024-05-21 23:00:00,Emergency,30,23,6,1,0.7667
2024-05-21 23:00:00,General,80,56,22,2,0.7
2024-05-21 23:00:00,Pediatric,25,17,8,0,0.68
2024-05-21 23:00:00,Maternity,20,13,7,0,0.65
2024-05-21 23:00:00,Surgical,25,18,6,1,0.72
2024-05-22 01:00:00,ICU,20,17,3,0,0.85
2024-05-22 01:00:00,Emergency,30,24,5,1,0.8
2024-05-22 01:00:00,General,80,59,20,1,0.7375
2024-05-22 01:00:00,Pediatric,25,18,7,0,0.72
2024-05-22 01:00:00,Maternity,20,13,7,0,0.65
2024-05-22 01:00:00,Surgical,25,18,6,1,0.72
2024-05-22 03:00:00,ICU,20,17,3,0,0.85
2024-05-22 03:00:00,Emergency,30,22,8,0,0.7333
2024-05-22 03:00:00,General,80,55,23,2,0.6875
2024-05-22 03:00:00,Pediatric,25,16,8,1,0.64
2024-05-22 03:00:00,Maternity,20,14,6,0,0.7
2024-05-22 03:00:00,Surgical,25,19,5,1,0.76
2024-05-22 05:00:00,ICU,20,16,3,1,0.8
2024-05-22 05:00:00,Emergency,30,24,5,1,0.8
2024-05-22 05:00:00,General,80,56,23,1,0.7
2024-05-22 05:00:00,Pediatric,25,17,8,0,0.68
2024-05-22 05:00:00,Maternity,20,12,7,1,0.6
2024-05-22 05:00:00,Surgical,25,19,5,1,0.76
2024-05-22 07:00:00,ICU,20,17,2,1,0.85
2024-05-22 07:00:00,Emergency,30,24,5,1,0.8
2024-05-22 07:00:00,General,80,62,16,2,0.775
2024-05-22 07:00:00,Pediatric,25,18,6,1,0.72
2024-05-22 07:00:00,Maternity,20,14,6,0,0.7
2024-05-22 07:00:00,Surgical,25,20,4,1,0.8
2024-05-22 09:00:00,ICU,20,17,2,1,0.85
2024-05-22 09:00:00,Emergency,30,24,6,0,0.8
2024-05-22 09:00:00,General,80,63,15,2,0.7875
2024-05-22 09:00:00,Pediatric,25,18,6,1,0.72
2024-05-22 09:00:00,Maternity,20,15,5,0,0.75
2024-05-22 09:00:00,Surgical,25,19,5,1,0.76
2024-05-22 11:00:00,ICU,20,18,1,1,0.9
2024-05-22 11:00:00,Emergency,30,24,5,1,0.8
2024-05-22 11:00:00,General,80,67,11,2,0.8375
2024-05-22 11:00:00,Pediatric,25,18,7,0,0.72
2024-05-22 11:00:00,Maternity,20,15,5,0,0.75
2024-05-22 11:00:00,Surgical,25,22,3,0,0.88
2024-05-22 13:00:00,ICU,20,17,2,1,0.85
2024-05-22 13:00:00,Emergency,30,25,4,1,0.8333
2024-05-22 13:00:00,General,80,64,14,2,0.8
2024-05-22 13:00:00,Pediatric,25,18,7,0,0.72
2024-05-22 13:00:00,Maternity,20,15,5,0,0.75
2024-05-22 13:00:00,Surgical,25,20,4,1,0.8
2024-05-22 15:00:00,ICU,20,17,3,0,0.85
2024-05-22 15:00:00,Emergency,30,23,6,1,0.7667
2024-05-22 15:00:00,General,80,63,15,2,0.7875
2024-05-22 15:00:00,Pediatric,25,17,7,1,0.68
2024-05-22 15:00:00,Maternity,20,13,6,1,0.65
2024-05-22 15:00:00,Surgical,25,21,3,1,0.84
2024-05-22 17:00:00,ICU,20,18,2,0,0.9
2024-05-22 17:00:00,Emergency,30,25,5,0,0.8333
2024-05-22 17:00:00,General,80,60,19,1,0.75
2024-05-22 17:00:00,Pediatric,25,17,7,1,0.68
2024-05-22 17:00:00,Maternity,20,13,7,0,0.65
2024-05-22 17:00:00,Surgical,25,20,4,1,0.8
2024-05-22 19:00:00,ICU,20,16,3,1,0.8
2024-05-22 19:00:00,Emergency,30,24,6,0,0.8
2024-05-22 19:00:00,General,80,53,26,1,0.6625
2024-05-22 19:00:00,Pediatric,25,16,9,0,0.64
2024-05-22 19:00:00,Maternity,20,13,7,0,0.65
2024-05-22 19:00:00,Surgical,25,19,5,1,0.76
2024-05-22 21:00:00,ICU,20,17,3,0,0.85
2024-05-22 21:00:00,Emergency,30,23,6,1,0.7667
2024-05-22 21:00:00,General,80,55,24,1,0.6875
2024-05-22 21:00:00,Pediatric,25,16,9,0,0.64
2024-05-22 21:00:00,Maternity,20,13,7,0,0.65
2024-05-22 21:00:00,Surgical,25,18,6,1,0.72
2024-05-22 23:00:00,ICU,20,17,3,0,0.85
2024-05-22 23:00:00,Emergency,30,22,7,1,0.7333
2024-05-22 23:00:00,General,80,52,26,2,0.65
2024-05-22 23:00:00,Pediatric,25,15,9,1,0.6
2024-05-22 23:00:00,Maternity,20,12,8,0,0.6
2024-05-22 23:00:00,Surgical,25,19,6,0,0.76
2024-05-23 01:00:00,ICU,20,17,3,0,0.85
2024-05-23 01:00:00,Emergency,30,24,5,1,0.8
2024-05-23 01:00:00,General,80,58,21,1,0.725
2024-05-23 01:00:00,Pediatric,25,16,8,1,0.64
2024-05-23 01:00:00,Maternity,20,12,8,0,0.6
2024-05-23 01:00:00,Surgical,25,17,7,1,0.68
2024-05-23 03:00:00,ICU,20,17,3,0,0.85
2024-05-23 03:00:00,Emergency,30,22,7,1,0.7333
2024-05-23 03:00:00,General,80,55,23,2,0.6875
2024-05-23 03:00:00,Pediatric,25,16,9,0,0.64
2024-05-23 03:00:00,Maternity,20,13,7,0,0.65
2024-05-23 03:00:00,Surgical,25,19,5,1,0.76
2024-05-23 05:00:00,ICU,20,16,3,1,0.8
2024-05-23 05:00:00,Emergency,30,22,7,1,0.7333
2024-05-23 05:00:00,General,80,57,21,2,0.7125
2024-05-23 05:00:00,Pediatric,25,16,9,0,0.64
2024-05-23 05:00:00,Maternity,20,12,8,0,0.6
2024-05-23 05:00:00,Surgical,25,18,6,1,0.72
2024-05-23 07:00:00,ICU,20,16,3,1,0.8
2024-05-23 07:00:00,Emergency,30,24,5,1,0.8
2024-05-23 07:00:00,General,80,56,22,2,0.7
2024-05-23 07:00:00,Pediatric,25,17,7,1,0.68
2024-05-23 07:00:00,Maternity,20,13,7,0,0.65
2024-05-23 07:00:00,Surgical,25,20,5,0,0.8
2024-05-23 09:00:00,ICU,20,17,2,1,0.85
2024-05-23 09:00:00,Emergency,30,24,6,0,0.8
2024-05-23 09:00:00,General,80,62,17,1,0.775
2024-05-23 09:00:00,Pediatric,25,17,8,0,0.68
2024-05-23 09:00:00,Maternity,20,14,6,0,0.7
2024-05-23 09:00:00,Surgical,25,20,4,1,0.8
2024-05-23 11:00:00,ICU,20,17,2,1,0.85
2024-05-23 11:00:00,Emergency,30,25,5,0,0.8333
2024-05-23 11:00:00,General,80,60,18,2,0.75
2024-05-23 11:00:00,Pediatric,25,18,7,0,0.72
2024-05-23 11:00:00,Maternity,20,15,5,0,0.75
2024-05-23 11:00:00,Surgical,25,21,3,1,0.84
2024-05-23 13:00:00,ICU,20,17,2,1,0.85
2024-05-23 13:00:00,Emergency,30,25,4,1,0.8333
2024-05-23 13:00:00,General,80,56,22,2,0.7
2024-05-23 13:00:00,Pediatric,25,16,8,1,0.64
2024-05-23 13:00:00,Maternity,20,13,7,0,0.65
2024-05-23 13:00:00,Surgical,25,19,5,1,0.76
2024-05-23 15:00:00,ICU,20,17,3,0,0.85
2024-05-23 15:00:00,Emergency,30,24,5,1,0.8
2024-05-23 15:00:00,General,80,59,19,2,0.7375
2024-05-23 15:00:00,Pediatric,25,17,7,1,0.68
2024-05-23 15:00:00,Maternity,20,14,6,0,0.7
2024-05-23 15:00:00,Surgical,25,20,4,1,0.8
2024-05-23 17:00:00,ICU,20,16,3,1,0.8
2024-05-23 17:00:00,Emergency,30,23,6,1,0.7667
2024-05-23 17:00:00,General,80,55,23,2,0.6875
2024-05-23 17:00:00,Pediatric,25,17,7,1,0.68
2024-05-23 17:00:00,Maternity,20,12,7,1,0.6
2024-05-23 17:00:00,Surgical,25,18,6,1,0.72
2024-05-23 19:00:00,ICU,20,16,4,0,0.8
2024-05-23 19:00:00,Emergency,30,21,8,1,0.7
2024-05-23 19:00:00,General,80,55,24,1,0.6875
2024-05-23 19:00:00,Pediatric,25,17,8,0,0.68
2024-05-23 19:00:00,Maternity,20,13,7,0,0.65
2024-05-23 19:00:00,Surgical,25,17,7,1,0.68
2024-05-23 21:00:00,ICU,20,15,4,1,0.75
2024-05-23 21:00:00,Emergency,30,22,7,1,0.7333
2024-05-23 21:00:00,General,80,55,23,2,0.6875
2024-05-23 21:00:00,Pediatric,25,17,7,1,0.68
2024-05-23 21:00:00,Maternity,20,13,7,0,0.65
2024-05-23 21:00:00,Surgical,25,18,6,1,0.72
2024-05-23 23:00:00,ICU,20,14,5,1,0.7
2024-05-23 23:00:00,Emergency,30,22,7,1,0.7333
2024-05-23 23:00:00,General,80,53,25,2,0.6625
2024-05-23 23:00:00,Pediatric,25,15,10,0,0.6
2024-05-23 23:00:00,Maternity,20,12,8,0,0.6
2024-05-23 23:00:00,Surgical,25,18,6,1,0.72
2024-05-24 01:00:00,ICU,20,16,4,0,0.8
2024-05-24 01:00:00,Emergency,30,21,9,0,0.7
2024-05-24 01:00:00,General,80,56,23,1,0.7
2024-05-24 01:00:00,Pediatric,25,15,10,0,0.6
2024-05-24 01:00:00,Maternity,20,12,8,0,0.6
2024-05-24 01:00:00,Surgical,25,17,7,1,0.68
2024-05-24 03:00:00,ICU,20,15,4,1,0.75
2024-05-24 03:00:00,Emergency,30,22,7,1,0.7333
2024-05-24 03:00:00,General,80,51,27,2,0.6375
2024-05-24 03:00:00,Pediatric,25,17,8,0,0.68
2024-05-24 03:00:00,Maternity,20,11,9,0,0.55
2024-05-24 03:00:00,Surgical,25,17,7,1,0.68
2024-05-24 05:00:00,ICU,20,16,4,0,0.8
2024-05-24 05:00:00,Emergency,30,22,7,1,0.7333
2024-05-24 05:00:00,General,80,54,25,1,0.675
2024-05-24 05:00:00,Pediatric,25,16,9,0,0.64
2024-05-24 05:00:00,Maternity,20,13,7,0,0.65
2024-05-24 05:00:00,Surgical,25,17,7,1,0.68
2024-05-24 07:00:00,ICU,20,17,2,1,0.85
2024-05-24 07:00:00,Emergency,30,24,5,1,0.8
2024-05-24 07:00:00,General,80,60,18,2,0.75
2024-05-24 07:00:00,Pediatric,25,16,8,1,0.64
2024-05-24 07:00:00,Maternity,20,13,7,0,0.65
2024-05-24 07:00:00,Surgical,25,18,6,1,0.72
2024-05-24 09:00:00,ICU,20,16,3,1,0.8
2024-05-24 09:00:00,Emergency,30,24,5,1,0.8
2024-05-24 09:00:00,General,80,59,20,1,0.7375
2024-05-24 09:00:00,Pediatric,25,18,7,0,0.72
2024-05-24 09:00:00,Maternity,20,13,7,0,0.65
2024-05-24 09:00:00,Surgical,25,21,3,1,0.84
2024-05-24 11:00:00,ICU,20,16,3,1,0.8
2024-05-24 11:00:00,Emergency,30,25,4,1,0.8333
2024-05-24 11:00:00,General,80,63,16,1,0.7875
2024-05-24 11:00:00,Pediatric,25,17,7,1,0.68
2024-05-24 11:00:00,Maternity,20,14,6,0,0.7
2024-05-24 11:00:00,Surgical,25,19,5,1,0.76
2024-05-24 13:00:00,ICU,20,19,1,0,0.95
2024-05-24 13:00:00,Emergency,30,24,5,1,0.8
2024-05-24 13:00:00,General,80,59,19,2,0.7375
2024-05-24 13:00:00,Pediatric,25,18,7,0,0.72
2024-05-24 13:00:00,Maternity,20,14,6,0,0.7
2024-05-24 13:00:00,Surgical,25,19,5,1,0.76
2024-05-24 15:00:00,ICU,20,17,3,0,0.85
2024-05-24 15:00:00,Emergency,30,24,5,1,0.8
2024-05-24 15:00:00,General,80,58,21,1,0.725
2024-05-24 15:00:00,Pediatric,25,18,6,1,0.72
2024-05-24 15:00:00,Maternity,20,13,7,0,0.65
2024-05-24 15:00:00,Surgical,25,20,4,1,0.8
2024-05-24 17:00:00,ICU,20,16,3,1,0.8
2024-05-24 17:00:00,Emergency,30,23,7,0,0.7667
2024-05-24 17:00:00,General,80,58,20,2,0.725
2024-05-24 17:00:00,Pediatric,25,18,7,0,0.72
2024-05-24 17:00:00,Maternity,20,13,7,0,0.65
2024-05-24 17:00:00,Surgical,25,20,4,1,0.8
2024-05-24 19:00:00,ICU,20,17,3,0,0.85
2024-05-24 19:00:00,Emergency,30,23,6,1,0.7667
2024-05-24 19:00:00,General,80,55,24,1,0.6875
2024-05-24 19:00:00,Pediatric,25,16,9,0,0.64
2024-05-24 19:00:00,Maternity,20,12,8,0,0.6
2024-05-24 19:00:00,Surgical,25,18,6,1,0.72
2024-05-24 21:00:00,ICU,20,15,4,1,0.75
2024-05-24 21:00:00,Emergency,30,20,10,0,0.6667
2024-05-24 21:00:00,General,80,54,24,2,0.675
2024-05-24 21:00:00,Pediatric,25,16,9,0,0.64
2024-05-24 21:00:00,Maternity,20,12,7,1,0.6
2024-05-24 21:00:00,Surgical,25,18,6,1,0.72
2024-05-24 23:00:00,ICU,20,15,4,1,0.75
2024-05-24 23:00:00,Emergency,30,24,6,0,0.8
2024-05-24 23:00:00,General,80,54,25,1,0.675
2024-05-24 23:00:00,Pediatric,25,16,8,1,0.64
2024-05-24 23:00:00,Maternity,20,13,7,0,0.65
2024-05-24 23:00:00,Surgical,25,18,6,1,0.72
2024-05-25 01:00:00,ICU,20,15,4,1,0.75
2024-05-25 01:00:00,Emergency,30,22,7,1,0.7333
2024-05-25 01:00:00,General,80,53,25,2,0.6625
2024-05-25 01:00:00,Pediatric,25,16,9,0,0.64
2024-05-25 01:00:00,Maternity,20,13,7,0,0.65
2024-05-25 01:00:00,Surgical,25,18,7,0,0.72
2024-05-25 03:00:00,ICU,20,16,4,0,0.8
2024-05-25 03:00:00,Emergency,30,20,9,1,0.6667
2024-05-25 03:00:00,General,80,58,20,2,0.725
2024-05-25 03:00:00,Pediatric,25,16,9,0,0.64
2024-05-25 03:00:00,Maternity,20,12,7,1,0.6
2024-05-25 03:00:00,Surgical,25,18,7,0,0.72
2024-05-25 05:00:00,ICU,20,16,3,1,0.8
2024-05-25 05:00:00,Emergency,30,19,10,1,0.6333
2024-05-25 05:00:00,General,80,55,24,1,0.6875
2024-05-25 05:00:00,Pediatric,25,16,9,0,0.64
2024-05-25 05:00:00,Maternity,20,12,8,0,0.6
2024-05-25 05:00:00,Surgical,25,19,5,1,0.76
2024-05-25 07:00:00,ICU,20,17,3,0,0.85
2024-05-25 07:00:00,Emergency,30,24,5,1,0.8
2024-05-25 07:00:00,General,80,60,18,2,0.75
2024-05-25 07:00:00,Pediatric,25,18,6,1,0.72
2024-05-25 07:00:00,Maternity,20,13,7,0,0.65
2024-05-25 07:00:00,Surgical,25,19,5,1,0.76
2024-05-25 09:00:00,ICU,20,18,1,1,0.9
2024-05-25 09:00:00,Emergency,30,26,4,0,0.8667
2024-05-25 09:00:00,General,80,57,21,2,0.7125
2024-05-25 09:00:00,Pediatric,25,17,7,1,0.68
2024-05-25 09:00:00,Maternity,20,14,6,0,0.7
2024-05-25 09:00:00,Surgical,25,21,4,0,0.84
2024-05-25 11:00:00,ICU,20,18,2,0,0.9
2024-05-25 11:00:00,Emergency,30,23,7,0,0.7667
2024-05-25 11:00:00,General,80,64,14,2,0.8
2024-05-25 11:00:00,Pediatric,25,17,7,1,0.68
2024-05-25 11:00:00,Maternity,20,13,7,0,0.65
2024-05-25 11:00:00,Surgical,25,18,6,1,0.72
2024-05-25 13:00:00,ICU,20,18,1,1,0.9
2024-05-25 13:00:00,Emergency,30,26,4,0,0.8667
2024-05-25 13:00:00,General,80,63,16,1,0.7875
2024-05-25 13:00:00,Pediatric,25,19,5,1,0.76
2024-05-25 13:00:00,Maternity,20,15,5,0,0.75
2024-05-25 13:00:00,Surgical,25,21,3,1,0.84
2024-05-25 15:00:00,ICU,20,16,3,1,0.8
2024-05-25 15:00:00,Emergency,30,25,4,1,0.8333
2024-05-25 15:00:00,General,80,58,20,2,0.725
2024-05-25 15:00:00,Pediatric,25,18,7,0,0.72
2024-05-25 15:00:00,Maternity,20,14,6,0,0.7
2024-05-25 15:00:00,Surgical,25,20,4,1,0.8
2024-05-25 17:00:00,ICU,20,17,2,1,0.85
2024-05-25 17:00:00,Emergency,30,25,5,0,0.8333
2024-05-25 17:00:00,General,80,61,17,2,0.7625
2024-05-25 17:00:00,Pediatric,25,19,5,1,0.76
2024-05-25 17:00:00,Maternity,20,14,6,0,0.7
2024-05-25 17:00:00,Surgical,25,19,5,1,0.76
2024-05-25 19:00:00,ICU,20,16,3,1,0.8
2024-05-25 19:00:00,Emergency,30,22,7,1,0.7333
2024-05-25 19:00:00,General,80,61,17,2,0.7625
2024-05-25 19:00:00,Pediatric,25,17,8,0,0.68
2024-05-25 19:00:00,Maternity,20,13,7,0,0.65
2024-05-25 19:00:00,Surgical,25,19,6,0,0.76
2024-05-25 21:00:00,ICU,20,17,3,0,0.85
2024-05-25 21:00:00,Emergency,30,22,7,1,0.7333
2024-05-25 21:00:00,General,80,55,23,2,0.6875
2024-05-25 21:00:00,Pediatric,25,18,7,0,0.72
2024-05-25 21:00:00,Maternity,20,12,8,0,0.6
2024-05-25 21:00:00,Surgical,25,18,6,1,0.72
2024-05-25 23:00:00,ICU,20,16,3,1,0.8
2024-05-25 23:00:00,Emergency,30,22,8,0,0.7333
2024-05-25 23:00:00,General,80,57,21,2,0.7125
2024-05-25 23:00:00,Pediatric,25,16,9,0,0.64
2024-05-25 23:00:00,Maternity,20,13,7,0,0.65
2024-05-25 23:00:00,Surgical,25,18,6,1,0.72
2024-05-26 01:00:00,ICU,20,17,3,0,0.85
2024-05-26 01:00:00,Emergency,30,24,6,0,0.8
2024-05-26 01:00:00,General,80,59,19,2,0.7375
2024-05-26 01:00:00,Pediatric,25,17,8,0,0.68
2024-05-26 01:00:00,Maternity,20,12,7,1,0.6
2024-05-26 01:00:00,Surgical,25,18,6,1,0.72
2024-05-26 03:00:00,ICU,20,17,2,1,0.85
2024-05-26 03:00:00,Emergency,30,22,7,1,0.7333
2024-05-26 03:00:00,General,80,54,24,2,0.675
2024-05-26 03:00:00,Pediatric,25,17,7,1,0.68
2024-05-26 03:00:00,Maternity,20,12,7,1,0.6
2024-05-26 03:00:00,Surgical,25,18,6,1,0.72
2024-05-26 05:00:00,ICU,20,15,4,1,0.75
2024-05-26 05:00:00,Emergency,30,23,7,0,0.7667
2024-05-26 05:00:00,General,80,57,22,1,0.7125
2024-05-26 05:00:00,Pediatric,25,16,8,1,0.64
2024-05-26 05:00:00,Maternity,20,14,6,0,0.7
2024-05-26 05:00:00,Surgical,25,20,5,0,0.8
2024-05-26 07:00:00,ICU,20,17,2,1,0.85
2024-05-26 07:00:00,Emergency,30,25,5,0,0.8333
2024-05-26 07:00:00,General,80,63,15,2,0.7875
2024-05-26 07:00:00,Pediatric,25,18,6,1,0.72
2024-05-26 07:00:00,Maternity,20,14,6,0,0.7
2024-05-26 07:00:00,Surgical,25,20,5,0,0.8
2024-05-26 09:00:00,ICU,20,17,2,1,0.85
2024-05-26 09:00:00,Emergency,30,25,5,0,0.8333
2024-05-26 09:00:00,General,80,65,13,2,0.8125
2024-05-26 09:00:00,Pediatric,25,19,6,0,0.76
2024-05-26 09:00:00,Maternity,20,14,5,1,0.7
2024-05-26 09:00:00,Surgical,25,21,3,1,0.84
2024-05-26 11:00:00,ICU,20,20,0,0,1.0
2024-05-26 11:00:00,Emergency,30,26,3,1,0.8667
2024-05-26 11:00:00,General,80,68,11,1,0.85
2024-05-26 11:00:00,Pediatric,25,18,6,1,0.72
2024-05-26 11:00:00,Maternity,20,15,5,0,0.75
2024-05-26 11:00:00,Surgical,25,22,3,0,0.88
2024-05-26 13:00:00,ICU,20,18,1,1,0.9
2024-05-26 13:00:00,Emergency,30,27,2,1,0.9
2024-05-26 13:00:00,General,80,66,13,1,0.825
2024-05-26 13:00:00,Pediatric,25,19,6,0,0.76
2024-05-26 13:00:00,Maternity,20,16,4,0,0.8
2024-05-26 13:00:00,Surgical,25,22,2,1,0.88
2024-05-26 15:00:00,ICU,20,18,1,1,0.9
2024-05-26 15:00:00,Emergency,30,27,3,0,0.9
2024-05-26 15:00:00,General,80,68,11,1,0.85
2024-05-26 15:00:00,Pediatric,25,19,6,0,0.76
2024-05-26 15:00:00,Maternity,20,15,5,0,0.75
2024-05-26 15:00:00,Surgical,25,21,3,1,0.84
2024-05-26 17:00:00,ICU,20,18,2,0,0.9
2024-05-26 17:00:00,Emergency,30,22,7,1,0.7333
2024-05-26 17:00:00,General,80,63,15,2,0.7875
2024-05-26 17:00:00,Pediatric,25,17,7,1,0.68
2024-05-26 17:00:00,Maternity,20,15,5,0,0.75
2024-05-26 17:00:00,Surgical,25,20,4,1,0.8
2024-05-26 19:00:00,ICU,20,16,3,1,0.8
2024-05-26 19:00:00,Emergency,30,25,5,0,0.8333
2024-05-26 19:00:00,General,80,58,20,2,0.725
2024-05-26 19:00:00,Pediatric,25,18,7,0,0.72
2024-05-26 19:00:00,Maternity,20,14,6,0,0.7
2024-05-26 19:00:00,Surgical,25,21,4,0,0.84
2024-05-26 21:00:00,ICU,20,16,3,1,0.8
2024-05-26 21:00:00,Emergency,30,23,6,1,0.7667
2024-05-26 21:00:00,General,80,55,23,2,0.6875
2024-05-26 21:00:00,Pediatric,25,18,7,0,0.72
2024-05-26 21:00:00,Maternity,20,14,6,0,0.7
2024-05-26 21:00:00,Surgical,25,19,5,1,0.76
2024-05-26 23:00:00,ICU,20,17,3,0,0.85
2024-05-26 23:00:00,Emergency,30,25,5,0,0.8333
2024-05-26 23:00:00,General,80,63,16,1,0.7875
2024-05-26 23:00:00,Pediatric,25,17,8,0,0.68
2024-05-26 23:00:00,Maternity,20,14,6,0,0.7
2024-05-26 23:00:00,Surgical,25,18,6,1,0.72
2024-05-27 01:00:00,ICU,20,16,3,1,0.8
2024-05-27 01:00:00,Emergency,30,24,5,1,0.8
2024-05-27 01:00:00,General,80,61,17,2,0.7625
2024-05-27 01:00:00,Pediatric,25,17,8,0,0.68
2024-05-27 01:00:00,Maternity,20,13,7,0,0.65
2024-05-27 01:00:00,Surgical,25,19,5,1,0.76
2024-05-27 03:00:00,ICU,20,17,3,0,0.85
2024-05-27 03:00:00,Emergency,30,25,5,0,0.8333
2024-05-27 03:00:00,General,80,55,23,2,0.6875
2024-05-27 03:00:00,Pediatric,25,18,6,1,0.72
2024-05-27 03:00:00,Maternity,20,13,7,0,0.65
2024-05-27 03:00:00,Surgical,25,20,4,1,0.8
2024-05-27 05:00:00,ICU,20,17,3,0,0.85
2024-05-27 05:00:00,Emergency,30,24,5,1,0.8
2024-05-27 05:00:00,General,80,60,18,2,0.75
2024-05-27 05:00:00,Pediatric,25,17,7,1,0.68
2024-05-27 05:00:00,Maternity,20,13,7,0,0.65
2024-05-27 05:00:00,Surgical,25,20,5,0,0.8
2024-05-27 07:00:00,ICU,20,18,2,0,0.9
2024-05-27 07:00:00,Emergency,30,25,4,1,0.8333
2024-05-27 07:00:00,General,80,66,12,2,0.825
2024-05-27 07:00:00,Pediatric,25,19,5,1,0.76
2024-05-27 07:00:00,Maternity,20,15,5,0,0.75
2024-05-27 07:00:00,Surgical,25,20,4,1,0.8
2024-05-27 09:00:00,ICU,20,20,0,0,1.0
2024-05-27 09:00:00,Emergency,30,26,3,1,0.8667
2024-05-27 09:00:00,General,80,60,18,2,0.75
2024-05-27 09:00:00,Pediatric,25,20,5,0,0.8
2024-05-27 09:00:00,Maternity,20,15,5,0,0.75
2024-05-27 09:00:00,Surgical,25,22,2,1,0.88
2024-05-27 11:00:00,ICU,20,18,1,1,0.9
2024-05-27 11:00:00,Emergency,30,25,5,0,0.8333
2024-05-27 11:00:00,General,80,68,10,2,0.85
2024-05-27 11:00:00,Pediatric,25,19,5,1,0.76
2024-05-27 11:00:00,Maternity,20,14,6,0,0.7
2024-05-27 11:00:00,Surgical,25,22,3,0,0.88
2024-05-27 13:00:00,ICU,20,20,0,0,1.0
2024-05-27 13:00:00,Emergency,30,28,2,0,0.9333
2024-05-27 13:00:00,General,80,69,9,2,0.8625
2024-05-27 13:00:00,Pediatric,25,19,5,1,0.76
2024-05-27 13:00:00,Maternity,20,14,6,0,0.7
2024-05-27 13:00:00,Surgical,25,22,2,1,0.88
2024-05-27 15:00:00,ICU,20,18,1,1,0.9
2024-05-27 15:00:00,Emergency,30,27,3,0,0.9
2024-05-27 15:00:00,General,80,66,13,1,0.825
2024-05-27 15:00:00,Pediatric,25,20,5,0,0.8
2024-05-27 15:00:00,Maternity,20,15,5,0,0.75
2024-05-27 15:00:00,Surgical,25,20,4,1,0.8
2024-05-27 17:00:00,ICU,20,18,1,1,0.9
2024-05-27 17:00:00,Emergency,30,24,5,1,0.8
2024-05-27 17:00:00,General,80,59,19,2,0.7375
2024-05-27 17:00:00,Pediatric,25,19,5,1,0.76
2024-05-27 17:00:00,Maternity,20,15,5,0,0.75
2024-05-27 17:00:00,Surgical,25,21,3,1,0.84
2024-05-27 19:00:00,ICU,20,16,3,1,0.8
2024-05-27 19:00:00,Emergency,30,24,5,1,0.8
2024-05-27 19:00:00,General,80,61,18,1,0.7625
2024-05-27 19:00:00,Pediatric,25,17,8,0,0.68
2024-05-27 19:00:00,Maternity,20,14,6,0,0.7
2024-05-27 19:00:00,Surgical,25,21,4,0,0.84
2024-05-27 21:00:00,ICU,20,17,2,1,0.85
2024-05-27 21:00:00,Emergency,30,23,6,1,0.7667
2024-05-27 21:00:00,General,80,61,17,2,0.7625
2024-05-27 21:00:00,Pediatric,25,16,9,0,0.64
2024-05-27 21:00:00,Maternity,20,13,6,1,0.65
2024-05-27 21:00:00,Surgical,25,19,5,1,0.76
2024-05-27 23:00:00,ICU,20,17,2,1,0.85
2024-05-27 23:00:00,Emergency,30,23,6,1,0.7667
2024-05-27 23:00:00,General,80,63,16,1,0.7875
2024-05-27 23:00:00,Pediatric,25,16,8,1,0.64
2024-05-27 23:00:00,Maternity,20,14,6,0,0.7
2024-05-27 23:00:00,Surgical,25,19,5,1,0.76
2024-05-28 01:00:00,ICU,20,16,3,1,0.8
2024-05-28 01:00:00,Emergency,30,24,5,1,0.8
2024-05-28 01:00:00,General,80,57,21,2,0.7125
2024-05-28 01:00:00,Pediatric,25,17,7,1,0.68
2024-05-28 01:00:00,Maternity,20,13,7,0,0.65
2024-05-28 01:00:00,Surgical,25,19,5,1,0.76
2024-05-28 03:00:00,ICU,20,16,3,1,0.8
2024-05-28 03:00:00,Emergency,30,24,5,1,0.8
2024-05-28 03:00:00,General,80,62,17,1,0.775
2024-05-28 03:00:00,Pediatric,25,16,8,1,0.64
2024-05-28 03:00:00,Maternity,20,14,6,0,0.7
2024-05-28 03:00:00,Surgical,25,19,6,0,0.76
2024-05-28 05:00:00,ICU,20,17,2,1,0.85
2024-05-28 05:00:00,Emergency,30,25,5,0,0.8333
2024-05-28 05:00:00,General,80,55,24,1,0.6875
2024-05-28 05:00:00,Pediatric,25,17,8,0,0.68
2024-05-28 05:00:00,Maternity,20,13,7,0,0.65
2024-05-28 05:00:00,Surgical,25,19,5,1,0.76
2024-05-28 07:00:00,ICU,20,18,1,1,0.9
2024-05-28 07:00:00,Emergency,30,26,4,0,0.8667
2024-05-28 07:00:00,General,80,61,17,2,0.7625
2024-05-28 07:00:00,Pediatric,25,18,6,1,0.72
2024-05-28 07:00:00,Maternity,20,15,5,0,0.75
2024-05-28 07:00:00,Surgical,25,20,4,1,0.8
2024-05-28 09:00:00,ICU,20,20,0,0,1.0
2024-05-28 09:00:00,Emergency,30,27,2,1,0.9
2024-05-28 09:00:00,General,80,61,18,1,0.7625
2024-05-28 09:00:00,Pediatric,25,18,6,1,0.72
2024-05-28 09:00:00,Maternity,20,15,5,0,0.75
2024-05-28 09:00:00,Surgical,25,21,3,1,0.84
2024-05-28 11:00:00,ICU,20,17,2,1,0.85
2024-05-28 11:00:00,Emergency,30,29,0,1,0.9667
2024-05-28 11:00:00,General,80,68,10,2,0.85
2024-05-28 11:00:00,Pediatric,25,20,5,0,0.8
2024-05-28 11:00:00,Maternity,20,16,4,0,0.8
2024-05-28 11:00:00,Surgical,25,23,1,1,0.92
2024-05-28 13:00:00,ICU,20,20,0,0,1.0
2024-05-28 13:00:00,Emergency,30,27,2,1,0.9
2024-05-28 13:00:00,General,80,67,12,1,0.8375
2024-05-28 13:00:00,Pediatric,25,19,6,0,0.76
2024-05-28 13:00:00,Maternity,20,15,5,0,0.75
2024-05-28 13:00:00,Surgical,25,21,3,1,0.84
2024-05-28 15:00:00,ICU,20,18,1,1,0.9
2024-05-28 15:00:00,Emergency,30,25,4,1,0.8333
2024-05-28 15:00:00,General,80,65,13,2,0.8125
2024-05-28 15:00:00,Pediatric,25,18,7,0,0.72
2024-05-28 15:00:00,Maternity,20,15,5,0,0.75
2024-05-28 15:00:00,Surgical,25,21,3,1,0.84
2024-05-28 17:00:00,ICU,20,18,2,0,0.9
2024-05-28 17:00:00,Emergency,30,25,4,1,0.8333
2024-05-28 17:00:00,General,80,70,9,1,0.875
2024-05-28 17:00:00,Pediatric,25,19,6,0,0.76
2024-05-28 17:00:00,Maternity,20,14,6,0,0.7
2024-05-28 17:00:00,Surgical,25,20,4,1,0.8
2024-05-28 19:00:00,ICU,20,17,3,0,0.85
2024-05-28 19:00:00,Emergency,30,24,6,0,0.8
2024-05-28 19:00:00,General,80,57,22,1,0.7125
2024-05-28 19:00:00,Pediatric,25,18,7,0,0.72
2024-05-28 19:00:00,Maternity,20,13,7,0,0.65
2024-05-28 19:00:00,Surgical,25,21,4,0,0.84
2024-05-28 21:00:00,ICU,20,18,2,0,0.9
2024-05-28 21:00:00,Emergency,30,24,5,1,0.8
2024-05-28 21:00:00,General,80,56,23,1,0.7
2024-05-28 21:00:00,Pediatric,25,17,7,1,0.68
2024-05-28 21:00:00,Maternity,20,14,6,0,0.7
2024-05-28 21:00:00,Surgical,25,18,6,1,0.72
2024-05-28 23:00:00,ICU,20,16,4,0,0.8
2024-05-28 23:00:00,Emergency,30,24,5,1,0.8
2024-05-28 23:00:00,General,80,58,20,2,0.725
2024-05-28 23:00:00,Pediatric,25,17,7,1,0.68
2024-05-28 23:00:00,Maternity,20,13,7,0,0.65
2024-05-28 23:00:00,Surgical,25,18,6,1,0.72
2024-05-29 01:00:00,ICU,20,16,3,1,0.8
2024-05-29 01:00:00,Emergency,30,23,6,1,0.7667
2024-05-29 01:00:00,General,80,55,23,2,0.6875
2024-05-29 01:00:00,Pediatric,25,16,8,1,0.64
2024-05-29 01:00:00,Maternity,20,12,7,1,0.6
2024-05-29 01:00:00,Surgical,25,18,6,1,0.72
2024-05-29 03:00:00,ICU,20,16,3,1,0.8
2024-05-29 03:00:00,Emergency,30,24,6,0,0.8
2024-05-29 03:00:00,General,80,56,22,2,0.7
2024-05-29 03:00:00,Pediatric,25,15,9,1,0.6
2024-05-29 03:00:00,Maternity,20,12,8,0,0.6
2024-05-29 03:00:00,Surgical,25,19,6,0,0.76
2024-05-29 05:00:00,ICU,20,16,3,1,0.8
2024-05-29 05:00:00,Emergency,30,24,5,1,0.8
2024-05-29 05:00:00,General,80,56,23,1,0.7
2024-05-29 05:00:00,Pediatric,25,16,9,0,0.64
2024-05-29 05:00:00,Maternity,20,13,7,0,0.65
2024-05-29 05:00:00,Surgical,25,18,6,1,0.72
2024-05-29 07:00:00,ICU,20,17,2,1,0.85
2024-05-29 07:00:00,Emergency,30,26,3,1,0.8667
2024-05-29 07:00:00,General,80,63,15,2,0.7875
2024-05-29 07:00:00,Pediatric,25,18,7,0,0.72
2024-05-29 07:00:00,Maternity,20,13,6,1,0.65
2024-05-29 07:00:00,Surgical,25,21,4,0,0.84
2024-05-29 09:00:00,ICU,20,19,1,0,0.95
2024-05-29 09:00:00,Emergency,30,25,4,1,0.8333
2024-05-29 09:00:00,General,80,67,12,1,0.8375
2024-05-29 09:00:00,Pediatric,25,20,5,0,0.8
2024-05-29 09:00:00,Maternity,20,15,5,0,0.75
2024-05-29 09:00:00,Surgical,25,21,4,0,0.84
2024-05-29 11:00:00,ICU,20,18,1,1,0.9
2024-05-29 11:00:00,Emergency,30,27,2,1,0.9
2024-05-29 11:00:00,General,80,65,13,2,0.8125
2024-05-29 11:00:00,Pediatric,25,18,7,0,0.72
2024-05-29 11:00:00,Maternity,20,14,6,0,0.7
2024-05-29 11:00:00,Surgical,25,21,3,1,0.84
2024-05-29 13:00:00,ICU,20,18,2,0,0.9
2024-05-29 13:00:00,Emergency,30,25,4,1,0.8333
2024-05-29 13:00:00,General,80,66,12,2,0.825
2024-05-29 13:00:00,Pediatric,25,17,8,0,0.68
2024-05-29 13:00:00,Maternity,20,16,4,0,0.8
2024-05-29 13:00:00,Surgical,25,22,3,0,0.88
2024-05-29 15:00:00,ICU,20,18,2,0,0.9
2024-05-29 15:00:00,Emergency,30,25,4,1,0.8333
2024-05-29 15:00:00,General,80,62,16,2,0.775
2024-05-29 15:00:00,Pediatric,25,19,6,0,0.76
2024-05-29 15:00:00,Maternity,20,15,5,0,0.75
2024-05-29 15:00:00,Surgical,25,20,5,0,0.8
2024-05-29 17:00:00,ICU,20,18,2,0,0.9
2024-05-29 17:00:00,Emergency,30,24,5,1,0.8
2024-05-29 17:00:00,General,80,60,18,2,0.75
2024-05-29 17:00:00,Pediatric,25,16,8,1,0.64
2024-05-29 17:00:00,Maternity,20,15,5,0,0.75
2024-05-29 17:00:00,Surgical,25,20,4,1,0.8
2024-05-29 19:00:00,ICU,20,16,4,0,0.8
2024-05-29 19:00:00,Emergency,30,22,7,1,0.7333
2024-05-29 19:00:00,General,80,56,22,2,0.7
2024-05-29 19:00:00,Pediatric,25,17,7,1,0.68
2024-05-29 19:00:00,Maternity,20,13,6,1,0.65
2024-05-29 19:00:00,Surgical,25,20,5,0,0.8
2024-05-29 21:00:00,ICU,20,16,3,1,0.8
2024-05-29 21:00:00,Emergency,30,24,6,0,0.8
2024-05-29 21:00:00,General,80,57,22,1,0.7125
2024-05-29 21:00:00,Pediatric,25,15,9,1,0.6
2024-05-29 21:00:00,Maternity,20,13,7,0,0.65
2024-05-29 21:00:00,Surgical,25,19,5,1,0.76
2024-05-29 23:00:00,ICU,20,16,4,0,0.8
2024-05-29 23:00:00,Emergency,30,23,7,0,0.7667
2024-05-29 23:00:00,General,80,55,24,1,0.6875
2024-05-29 23:00:00,Pediatric,25,15,10,0,0.6
2024-05-29 23:00:00,Maternity,20,13,7,0,0.65
2024-05-29 23:00:00,Surgical,25,18,6,1,0.72
2024-05-30 01:00:00,ICU,20,15,4,1,0.75
2024-05-30 01:00:00,Emergency,30,22,7,1,0.7333
2024-05-30 01:00:00,General,80,53,26,1,0.6625
2024-05-30 01:00:00,Pediatric,25,17,8,0,0.68
2024-05-30 01:00:00,Maternity,20,12,8,0,0.6
2024-05-30 01:00:00,Surgical,25,19,5,1,0.76
2024-05-30 03:00:00,ICU,20,17,3,0,0.85
2024-05-30 03:00:00,Emergency,30,22,7,1,0.7333
2024-05-30 03:00:00,General,80,53,26,1,0.6625
2024-05-30 03:00:00,Pediatric,25,14,10,1,0.56
2024-05-30 03:00:00,Maternity,20,12,8,0,0.6
2024-05-30 03:00:00,Surgical,25,17,7,1,0.68
2024-05-30 05:00:00,ICU,20,16,3,1,0.8
2024-05-30 05:00:00,Emergency,30,22,7,1,0.7333
2024-05-30 05:00:00,General,80,55,23,2,0.6875
2024-05-30 05:00:00,Pediatric,25,14,11,0,0.56
2024-05-30 05:00:00,Maternity,20,12,8,0,0.6
2024-05-30 05:00:00,Surgical,25,18,6,1,0.72
2024-05-30 07:00:00,ICU,20,16,3,1,0.8
2024-05-30 07:00:00,Emergency,30,23,6,1,0.7667
2024-05-30 07:00:00,General,80,60,18,2,0.75
2024-05-30 07:00:00,Pediatric,25,18,6,1,0.72
2024-05-30 07:00:00,Maternity,20,13,7,0,0.65
2024-05-30 07:00:00,Surgical,25,19,5,1,0.76
2024-05-30 09:00:00,ICU,20,18,2,0,0.9
2024-05-30 09:00:00,Emergency,30,26,3,1,0.8667
2024-05-30 09:00:00,General,80,56,23,1,0.7
2024-05-30 09:00:00,Pediatric,25,18,7,0,0.72
2024-05-30 09:00:00,Maternity,20,14,6,0,0.7
2024-05-30 09:00:00,Surgical,25,20,4,1,0.8
2024-05-30 11:00:00,ICU,20,17,2,1,0.85
2024-05-30 11:00:00,Emergency,30,25,4,1,0.8333
2024-05-30 11:00:00,General,80,64,15,1,0.8
2024-05-30 11:00:00,Pediatric,25,20,5,0,0.8
2024-05-30 11:00:00,Maternity,20,14,5,1,0.7
2024-05-30 11:00:00,Surgical,25,20,5,0,0.8
2024-05-30 13:00:00,ICU,20,18,2,0,0.9
2024-05-30 13:00:00,Emergency,30,24,5,1,0.8
2024-05-30 13:00:00,General,80,57,21,2,0.7125
2024-05-30 13:00:00,Pediatric,25,18,7,0,0.72
2024-05-30 13:00:00,Maternity,20,14,6,0,0.7
2024-05-30 13:00:00,Surgical,25,19,5,1,0.76
2024-05-30 15:00:00,ICU,20,18,2,0,0.9
2024-05-30 15:00:00,Emergency,30,24,5,1,0.8
2024-05-30 15:00:00,General,80,58,20,2,0.725
2024-05-30 15:00:00,Pediatric,25,17,7,1,0.68
2024-05-30 15:00:00,Maternity,20,15,5,0,0.75
2024-05-30 15:00:00,Surgical,25,21,4,0,0.84
2024-05-30 17:00:00,ICU,20,16,3,1,0.8
2024-05-30 17:00:00,Emergency,30,23,6,1,0.7667
2024-05-30 17:00:00,General,80,58,20,2,0.725
2024-05-30 17:00:00,Pediatric,25,17,8,0,0.68
2024-05-30 17:00:00,Maternity,20,12,8,0,0.6
2024-05-30 17:00:00,Surgical,25,20,4,1,0.8
2024-05-30 19:00:00,ICU,20,16,3,1,0.8
2024-05-30 19:00:00,Emergency,30,23,7,0,0.7667
2024-05-30 19:00:00,General,80,56,23,1,0.7
2024-05-30 19:00:00,Pediatric,25,16,9,0,0.64
2024-05-30 19:00:00,Maternity,20,12,7,1,0.6
2024-05-30 19:00:00,Surgical,25,17,7,1,0.68
2024-05-30 21:00:00,ICU,20,16,3,1,0.8
2024-05-30 21:00:00,Emergency,30,20,9,1,0.6667
2024-05-30 21:00:00,General,80,52,27,1,0.65
2024-05-30 21:00:00,Pediatric,25,16,9,0,0.64
2024-05-30 21:00:00,Maternity,20,13,7,0,0.65
2024-05-30 21:00:00,Surgical,25,18,7,0,0.72
2024-05-30 23:00:00,ICU,20,15,5,0,0.75
2024-05-30 23:00:00,Emergency,30,23,6,1,0.7667
2024-05-30 23:00:00,General,80,56,23,1,0.7
2024-05-30 23:00:00,Pediatric,25,16,9,0,0.64
2024-05-30 23:00:00,Maternity,20,13,7,0,0.65
2024-05-30 23:00:00,Surgical,25,20,5,0,0.8
2024-05-31 01:00:00,ICU,20,17,3,0,0.85
2024-05-31 01:00:00,Emergency,30,21,8,1,0.7
2024-05-31 01:00:00,General,80,57,21,2,0.7125
2024-05-31 01:00:00,Pediatric,25,16,9,0,0.64
2024-05-31 01:00:00,Maternity,20,13,7,0,0.65
2024-05-31 01:00:00,Surgical,25,16,8,1,0.64
2024-05-31 03:00:00,ICU,20,16,4,0,0.8
2024-05-31 03:00:00,Emergency,30,21,9,0,0.7
2024-05-31 03:00:00,General,80,56,23,1,0.7
2024-05-31 03:00:00,Pediatric,25,17,8,0,0.68
2024-05-31 03:00:00,Maternity,20,11,9,0,0.55
2024-05-31 03:00:00,Surgical,25,18,7,0,0.72
2024-05-31 05:00:00,ICU,20,16,3,1,0.8
2024-05-31 05:00:00,Emergency,30,21,8,1,0.7
2024-05-31 05:00:00,General,80,55,23,2,0.6875
2024-05-31 05:00:00,Pediatric,25,15,9,1,0.6
2024-05-31 05:00:00,Maternity,20,12,8,0,0.6
2024-05-31 05:00:00,Surgical,25,17,7,1,0.68
2024-05-31 07:00:00,ICU,20,15,4,1,0.75
2024-05-31 07:00:00,Emergency,30,22,7,1,0.7333
2024-05-31 07:00:00,General,80,59,19,2,0.7375
2024-05-31 07:00:00,Pediatric,25,17,8,0,0.68
2024-05-31 07:00:00,Maternity,20,13,7,0,0.65
2024-05-31 07:00:00,Surgical,25,18,6,1,0.72
2024-05-31 09:00:00,ICU,20,17,3,0,0.85
2024-05-31 09:00:00,Emergency,30,25,4,1,0.8333
2024-05-31 09:00:00,General,80,59,19,2,0.7375
2024-05-31 09:00:00,Pediatric,25,16,8,1,0.64
2024-05-31 09:00:00,Maternity,20,13,6,1,0.65
2024-05-31 09:00:00,Surgical,25,19,5,1,0.76
2024-05-31 11:00:00,ICU,20,17,2,1,0.85
2024-05-31 11:00:00,Emergency,30,27,3,0,0.9
2024-05-31 11:00:00,General,80,61,17,2,0.7625
2024-05-31 11:00:00,Pediatric,25,17,7,1,0.68
2024-05-31 11:00:00,Maternity,20,13,7,0,0.65
2024-05-31 11:00:00,Surgical,25,20,4,1,0.8
2024-05-31 13:00:00,ICU,20,18,2,0,0.9
2024-05-31 13:00:00,Emergency,30,23,6,1,0.7667
2024-05-31 13:00:00,General,80,62,17,1,0.775
2024-05-31 13:00:00,Pediatric,25,18,7,0,0.72
2024-05-31 13:00:00,Maternity,20,14,6,0,0.7
2024-05-31 13:00:00,Surgical,25,20,4,1,0.8
2024-05-31 15:00:00,ICU,20,17,2,1,0.85
2024-05-31 15:00:00,Emergency,30,25,4,1,0.8333
2024-05-31 15:00:00,General,80,57,21,2,0.7125
2024-05-31 15:00:00,Pediatric,25,17,7,1,0.68
2024-05-31 15:00:00,Maternity,20,14,6,0,0.7
2024-05-31 15:00:00,Surgical,25,19,5,1,0.76
2024-05-31 17:00:00,ICU,20,18,2,0,0.9
2024-05-31 17:00:00,Emergency,30,26,4,0,0.8667
2024-05-31 17:00:00,General,80,58,21,1,0.725
2024-05-31 17:00:00,Pediatric,25,17,8,0,0.68
2024-05-31 17:00:00,Maternity,20,13,7,0,0.65
2024-05-31 17:00:00,Surgical,25,19,6,0,0.76
2024-05-31 19:00:00,ICU,20,15,5,0,0.75
2024-05-31 19:00:00,Emergency,30,22,8,0,0.7333
2024-05-31 19:00:00,General,80,52,26,2,0.65
2024-05-31 19:00:00,Pediatric,25,17,7,1,0.68
2024-05-31 19:00:00,Maternity,20,13,7,0,0.65
2024-05-31 19:00:00,Surgical,25,18,6,1,0.72
2024-05-31 21:00:00,ICU,20,16,3,1,0.8
2024-05-31 21:00:00,Emergency,30,21,8,1,0.7
2024-05-31 21:00:00,General,80,52,26,2,0.65
2024-05-31 21:00:00,Pediatric,25,15,9,1,0.6
2024-05-31 21:00:00,Maternity,20,12,7,1,0.6
2024-05-31 21:00:00,Surgical,25,18,6,1,0.72
2024-05-31 23:00:00,ICU,20,15,4,1,0.75
2024-05-31 23:00:00,Emergency,30,22,7,1,0.7333
2024-05-31 23:00:00,General,80,55,23,2,0.6875
2024-05-31 23:00:00,Pediatric,25,16,9,0,0.64
2024-05-31 23:00:00,Maternity,20,12,8,0,0.6
2024-05-31 23:00:00,Surgical,25,18,6,1,0.72
2024-06-01 01:00:00,ICU,20,15,4,1,0.75
2024-06-01 01:00:00,Emergency,30,22,7,1,0.7333
2024-06-01 01:00:00,General,80,53,25,2,0.6625
2024-06-01 01:00:00,Pediatric,25,17,7,1,0.68
2024-06-01 01:00:00,Maternity,20,12,7,1,0.6
2024-06-01 01:00:00,Surgical,25,17,7,1,0.68
2024-06-01 03:00:00,ICU,20,16,4,0,0.8
2024-06-01 03:00:00,Emergency,30,23,7,0,0.7667
2024-06-01 03:00:00,General,80,59,20,1,0.7375
2024-06-01 03:00:00,Pediatric,25,15,9,1,0.6
2024-06-01 03:00:00,Maternity,20,12,8,0,0.6
2024-06-01 03:00:00,Surgical,25,19,6,0,0.76
2024-06-01 05:00:00,ICU,20,15,5,0,0.75
2024-06-01 05:00:00,Emergency,30,22,7,1,0.7333
2024-06-01 05:00:00,General,80,55,24,1,0.6875
2024-06-01 05:00:00,Pediatric,25,16,9,0,0.64
2024-06-01 05:00:00,Maternity,20,12,7,1,0.6
2024-06-01 05:00:00,Surgical,25,17,7,1,0.68
2024-06-01 07:00:00,ICU,20,17,3,0,0.85
2024-06-01 07:00:00,Emergency,30,24,5,1,0.8
2024-06-01 07:00:00,General,80,60,19,1,0.75
2024-06-01 07:00:00,Pediatric,25,17,7,1,0.68
2024-06-01 07:00:00,Maternity,20,14,6,0,0.7
2024-06-01 07:00:00,Surgical,25,20,4,1,0.8
2024-06-01 09:00:00,ICU,20,17,2,1,0.85
2024-06-01 09:00:00,Emergency,30,25,4,1,0.8333
2024-06-01 09:00:00,General,80,58,21,1,0.725
2024-06-01 09:00:00,Pediatric,25,17,7,1,0.68
2024-06-01 09:00:00,Maternity,20,14,6,0,0.7
2024-06-01 09:00:00,Surgical,25,20,4,1,0.8
2024-06-01 11:00:00,ICU,20,18,2,0,0.9
2024-06-01 11:00:00,Emergency,30,24,5,1,0.8
2024-06-01 11:00:00,General,80,61,17,2,0.7625
2024-06-01 11:00:00,Pediatric,25,18,6,1,0.72
2024-06-01 11:00:00,Maternity,20,15,5,0,0.75
2024-06-01 11:00:00,Surgical,25,21,4,0,0.84
2024-06-01 13:00:00,ICU,20,18,1,1,0.9
2024-06-01 13:00:00,Emergency,30,25,4,1,0.8333
2024-06-01 13:00:00,General,80,62,16,2,0.775
2024-06-01 13:00:00,Pediatric,25,18,7,0,0.72
2024-06-01 13:00:00,Maternity,20,15,5,0,0.75
2024-06-01 13:00:00,Surgical,25,21,3,1,0.84
2024-06-01 15:00:00,ICU,20,19,1,0,0.95
2024-06-01 15:00:00,Emergency,30,24,5,1,0.8
2024-06-01 15:00:00,General,80,64,15,1,0.8
2024-06-01 15:00:00,Pediatric,25,17,7,1,0.68
2024-06-01 15:00:00,Maternity,20,14,6,0,0.7
2024-06-01 15:00:00,Surgical,25,21,4,0,0.84
2024-06-01 17:00:00,ICU,20,18,2,0,0.9
2024-06-01 17:00:00,Emergency,30,27,2,1,0.9
2024-06-01 17:00:00,General,80,59,19,2,0.7375
2024-06-01 17:00:00,Pediatric,25,17,8,0,0.68
2024-06-01 17:00:00,Maternity,20,14,6,0,0.7
2024-06-01 17:00:00,Surgical,25,18,6,1,0.72
2024-06-01 19:00:00,ICU,20,17,3,0,0.85
2024-06-01 19:00:00,Emergency,30,24,6,0,0.8
2024-06-01 19:00:00,General,80,59,19,2,0.7375
2024-06-01 19:00:00,Pediatric,25,17,7,1,0.68
2024-06-01 19:00:00,Maternity,20,13,7,0,0.65
2024-06-01 19:00:00,Surgical,25,19,5,1,0.76
2024-06-01 21:00:00,ICU,20,15,4,1,0.75
2024-06-01 21:00:00,Emergency,30,22,8,0,0.7333
2024-06-01 21:00:00,General,80,57,21,2,0.7125
2024-06-01 21:00:00,Pediatric,25,15,9,1,0.6
2024-06-01 21:00:00,Maternity,20,13,7,0,0.65
2024-06-01 21:00:00,Surgical,25,17,7,1,0.68
2024-06-01 23:00:00,ICU,20,16,3,1,0.8
2024-06-01 23:00:00,Emergency,30,24,5,1,0.8
2024-06-01 23:00:00,General,80,54,25,1,0.675
2024-06-01 23:00:00,Pediatric,25,15,10,0,0.6
2024-06-01 23:00:00,Maternity,20,13,7,0,0.65
2024-06-01 23:00:00,Surgical,25,18,6,1,0.72
2024-06-02 01:00:00,ICU,20,17,3,0,0.85
2024-06-02 01:00:00,Emergency,30,22,7,1,0.7333
2024-06-02 01:00:00,General,80,56,22,2,0.7
2024-06-02 01:00:00,Pediatric,25,17,8,0,0.68
2024-06-02 01:00:00,Maternity,20,14,6,0,0.7
2024-06-02 01:00:00,Surgical,25,17,7,1,0.68
2024-06-02 03:00:00,ICU,20,16,3,1,0.8
2024-06-02 03:00:00,Emergency,30,24,6,0,0.8
2024-06-02 03:00:00,General,80,55,23,2,0.6875
2024-06-02 03:00:00,Pediatric,25,18,7,0,0.72
2024-06-02 03:00:00,Maternity,20,13,7,0,0.65
2024-06-02 03:00:00,Surgical,25,18,6,1,0.72
2024-06-02 05:00:00,ICU,20,16,3,1,0.8
2024-06-02 05:00:00,Emergency,30,22,7,1,0.7333
2024-06-02 05:00:00,General,80,53,25,2,0.6625
2024-06-02 05:00:00,Pediatric,25,16,8,1,0.64
2024-06-02 05:00:00,Maternity,20,14,6,0,0.7
2024-06-02 05:00:00,Surgical,25,19,6,0,0.76
2024-06-02 07:00:00,ICU,20,17,2,1,0.85
2024-06-02 07:00:00,Emergency,30,25,4,1,0.8333
2024-06-02 07:00:00,General,80,61,17,2,0.7625
2024-06-02 07:00:00,Pediatric,25,17,7,1,0.68
2024-06-02 07:00:00,Maternity,20,13,6,1,0.65
2024-06-02 07:00:00,Surgical,25,20,4,1,0.8
2024-06-02 09:00:00,ICU,20,19,0,1,0.95
2024-06-02 09:00:00,Emergency,30,26,3,1,0.8667
2024-06-02 09:00:00,General,80,66,12,2,0.825
2024-06-02 09:00:00,Pediatric,25,18,6,1,0.72
2024-06-02 09:00:00,Maternity,20,14,6,0,0.7
2024-06-02 09:00:00,Surgical,25,21,3,1,0.84
2024-06-02 11:00:00,ICU,20,18,1,1,0.9
2024-06-02 11:00:00,Emergency,30,26,4,0,0.8667
2024-06-02 11:00:00,General,80,65,13,2,0.8125
2024-06-02 11:00:00,Pediatric,25,20,5,0,0.8
2024-06-02 11:00:00,Maternity,20,15,5,0,0.75
2024-06-02 11:00:00,Surgical,25,21,3,1,0.84
2024-06-02 13:00:00,ICU,20,19,1,0,0.95
2024-06-02 13:00:00,Emergency,30,26,3,1,0.8667
2024-06-02 13:00:00,General,80,64,14,2,0.8
2024-06-02 13:00:00,Pediatric,25,18,6,1,0.72
2024-06-02 13:00:00,Maternity,20,16,4,0,0.8
2024-06-02 13:00:00,Surgical,25,22,3,0,0.88
2024-06-02 15:00:00,ICU,20,18,1,1,0.9
2024-06-02 15:00:00,Emergency,30,25,4,1,0.8333
2024-06-02 15:00:00,General,80,71,7,2,0.8875
2024-06-02 15:00:00,Pediatric,25,17,7,1,0.68
2024-06-02 15:00:00,Maternity,20,14,5,1,0.7
2024-06-02 15:00:00,Surgical,25,21,3,1,0.84
2024-06-02 17:00:00,ICU,20,18,1,1,0.9
2024-06-02 17:00:00,Emergency,30,27,3,0,0.9
2024-06-02 17:00:00,General,80,67,11,2,0.8375
2024-06-02 17:00:00,Pediatric,25,18,6,1,0.72
2024-06-02 17:00:00,Maternity,20,14,6,0,0.7
2024-06-02 17:00:00,Surgical,25,20,4,1,0.8
2024-06-02 19:00:00,ICU,20,18,2,0,0.9
2024-06-02 19:00:00,Emergency,30,26,3,1,0.8667
2024-06-02 19:00:00,General,80,57,21,2,0.7125
2024-06-02 19:00:00,Pediatric,25,18,6,1,0.72
2024-06-02 19:00:00,Maternity,20,13,6,1,0.65
2024-06-02 19:00:00,Surgical,25,21,4,0,0.84
2024-06-02 21:00:00,ICU,20,16,3,1,0.8
2024-06-02 21:00:00,Emergency,30,23,6,1,0.7667
2024-06-02 21:00:00,General,80,60,18,2,0.75
2024-06-02 21:00:00,Pediatric,25,18,7,0,0.72
2024-06-02 21:00:00,Maternity,20,14,6,0,0.7
2024-06-02 21:00:00,Surgical,25,19,5,1,0.76
2024-06-02 23:00:00,ICU,20,16,3,1,0.8
2024-06-02 23:00:00,Emergency,30,22,7,1,0.7333
2024-06-02 23:00:00,General,80,60,18,2,0.75
2024-06-02 23:00:00,Pediatric,25,17,7,1,0.68
2024-06-02 23:00:00,Maternity,20,13,7,0,0.65
2024-06-02 23:00:00,Surgical,25,19,6,0,0.76
2024-06-03 01:00:00,ICU,20,16,3,1,0.8
2024-06-03 01:00:00,Emergency,30,22,7,1,0.7333
2024-06-03 01:00:00,General,80,57,21,2,0.7125
2024-06-03 01:00:00,Pediatric,25,16,8,1,0.64
2024-06-03 01:00:00,Maternity,20,13,7,0,0.65
2024-06-03 01:00:00,Surgical,25,18,6,1,0.72
2024-06-03 03:00:00,ICU,20,16,4,0,0.8
2024-06-03 03:00:00,Emergency,30,25,4,1,0.8333
2024-06-03 03:00:00,General,80,62,17,1,0.775
2024-06-03 03:00:00,Pediatric,25,17,8,0,0.68
2024-06-03 03:00:00,Maternity,20,14,6,0,0.7
2024-06-03 03:00:00,Surgical,25,19,5,1,0.76
2024-06-03 05:00:00,ICU,20,18,2,0,0.9
2024-06-03 05:00:00,Emergency,30,24,6,0,0.8
2024-06-03 05:00:00,General,80,62,17,1,0.775
2024-06-03 05:00:00,Pediatric,25,16,8,1,0.64
2024-06-03 05:00:00,Maternity,20,13,7,0,0.65
2024-06-03 05:00:00,Surgical,25,20,5,0,0.8
2024-06-03 07:00:00,ICU,20,18,1,1,0.9
2024-06-03 07:00:00,Emergency,30,28,1,1,0.9333
2024-06-03 07:00:00,General,80,61,18,1,0.7625
2024-06-03 07:00:00,Pediatric,25,19,6,0,0.76
2024-06-03 07:00:00,Maternity,20,14,6,0,0.7
2024-06-03 07:00:00,Surgical,25,21,3,1,0.84
2024-06-03 09:00:00,ICU,20,18,2,0,0.9
2024-06-03 09:00:00,Emergency,30,26,4,0,0.8667
2024-06-03 09:00:00,General,80,64,14,2,0.8
2024-06-03 09:00:00,Pediatric,25,19,5,1,0.76
2024-06-03 09:00:00,Maternity,20,15,5,0,0.75
2024-06-03 09:00:00,Surgical,25,22,2,1,0.88
2024-06-03 11:00:00,ICU,20,19,0,1,0.95
2024-06-03 11:00:00,Emergency,30,27,2,1,0.9
2024-06-03 11:00:00,General,80,72,7,1,0.9
2024-06-03 11:00:00,Pediatric,25,20,5,0,0.8
2024-06-03 11:00:00,Maternity,20,15,5,0,0.75
2024-06-03 11:00:00,Surgical,25,23,1,1,0.92
2024-06-03 13:00:00,ICU,20,18,1,1,0.9
2024-06-03 13:00:00,Emergency,30,28,1,1,0.9333
2024-06-03 13:00:00,General,80,72,7,1,0.9
2024-06-03 13:00:00,Pediatric,25,20,5,0,0.8
2024-06-03 13:00:00,Maternity,20,14,6,0,0.7
2024-06-03 13:00:00,Surgical,25,21,3,1,0.84
2024-06-03 15:00:00,ICU,20,19,0,1,0.95
2024-06-03 15:00:00,Emergency,30,26,3,1,0.8667
2024-06-03 15:00:00,General,80,66,12,2,0.825
2024-06-03 15:00:00,Pediatric,25,20,5,0,0.8
2024-06-03 15:00:00,Maternity,20,16,4,0,0.8
2024-06-03 15:00:00,Surgical,25,21,3,1,0.84
2024-06-03 17:00:00,ICU,20,18,1,1,0.9
2024-06-03 17:00:00,Emergency,30,25,4,1,0.8333
2024-06-03 17:00:00,General,80,66,12,2,0.825
2024-06-03 17:00:00,Pediatric,25,18,6,1,0.72
2024-06-03 17:00:00,Maternity,20,14,5,1,0.7
2024-06-03 17:00:00,Surgical,25,21,3,1,0.84
2024-06-03 19:00:00,ICU,20,17,2,1,0.85
2024-06-03 19:00:00,Emergency,30,24,5,1,0.8
2024-06-03 19:00:00,General,80,59,19,2,0.7375
2024-06-03 19:00:00,Pediatric,25,17,7,1,0.68
2024-06-03 19:00:00,Maternity,20,14,6,0,0.7
2024-06-03 19:00:00,Surgical,25,21,3,1,0.84
2024-06-03 21:00:00,ICU,20,16,3,1,0.8
2024-06-03 21:00:00,Emergency,30,24,5,1,0.8
2024-06-03 21:00:00,General,80,58,20,2,0.725
2024-06-03 21:00:00,Pediatric,25,17,7,1,0.68
2024-06-03 21:00:00,Maternity,20,12,7,1,0.6
2024-06-03 21:00:00,Surgical,25,19,5,1,0.76
